model,train_ratio,reduction_train,reduction_test,f_score
DecisionTreeClassifier,0.5,0.0,0.0,0.5958222346838636
DecisionTreeClassifier,0.5,0.0,0.25,0.5753905564332104
DecisionTreeClassifier,0.5,0.0,0.5,0.5107826508359584
DecisionTreeClassifier,0.5,0.0,0.75,0.40888554216867473
DecisionTreeClassifier,0.5,0.0,0.99,0.03156146179401993
DecisionTreeClassifier,0.5,0.0,0.999,0.001763668430335097
DecisionTreeClassifier,0.5,0.25,0.0,0.5634701871463804
DecisionTreeClassifier,0.5,0.25,0.25,0.5479751915359359
DecisionTreeClassifier,0.5,0.25,0.5,0.4996252810392205
DecisionTreeClassifier,0.5,0.25,0.75,0.38114104595879555
DecisionTreeClassifier,0.5,0.25,0.99,0.04193254329990885
DecisionTreeClassifier,0.5,0.25,0.999,0.0037313432835820895
DecisionTreeClassifier,0.5,0.5,0.0,0.5643609711406321
DecisionTreeClassifier,0.5,0.5,0.25,0.5354207436399218
DecisionTreeClassifier,0.5,0.5,0.5,0.5050230790116752
DecisionTreeClassifier,0.5,0.5,0.75,0.4116350815337153
DecisionTreeClassifier,0.5,0.5,0.99,0.03214695752009185
DecisionTreeClassifier,0.5,0.5,0.999,0.0023923444976076554
DecisionTreeClassifier,0.5,0.75,0.0,0.518655462184874
DecisionTreeClassifier,0.5,0.75,0.25,0.49869109947643975
DecisionTreeClassifier,0.5,0.75,0.5,0.4721189591078067
DecisionTreeClassifier,0.5,0.75,0.75,0.40209973753280837
DecisionTreeClassifier,0.5,0.75,0.99,0.058319039451114926
DecisionTreeClassifier,0.5,0.75,0.999,0.0
DecisionTreeClassifier,0.5,0.99,0.0,0.03311590566984446
DecisionTreeClassifier,0.5,0.99,0.25,0.04118233145134507
DecisionTreeClassifier,0.5,0.99,0.5,0.033797216699801194
DecisionTreeClassifier,0.5,0.99,0.75,0.037037037037037035
DecisionTreeClassifier,0.5,0.99,0.99,0.0
DecisionTreeClassifier,0.5,0.99,0.999,0.0
DecisionTreeClassifier,0.5,0.999,0.0,0.015808261091279956
DecisionTreeClassifier,0.5,0.999,0.25,0.00887372013651877
DecisionTreeClassifier,0.5,0.999,0.5,0.010230179028132991
DecisionTreeClassifier,0.5,0.999,0.75,0.010214504596527068
DecisionTreeClassifier,0.5,0.999,0.99,0.046511627906976744
DecisionTreeClassifier,0.5,0.999,0.999,0.28571428571428575
DecisionTreeClassifier,0.75,0.0,0.0,0.593689986282579
DecisionTreeClassifier,0.75,0.0,0.25,0.5762829403606101
DecisionTreeClassifier,0.75,0.0,0.5,0.5265151515151516
DecisionTreeClassifier,0.75,0.0,0.75,0.39364118092354283
DecisionTreeClassifier,0.75,0.0,0.99,0.045454545454545456
DecisionTreeClassifier,0.75,0.0,0.999,0.003656307129798903
DecisionTreeClassifier,0.75,0.25,0.0,0.5833571632828138
DecisionTreeClassifier,0.75,0.25,0.25,0.5524296675191815
DecisionTreeClassifier,0.75,0.25,0.5,0.49923273657289
DecisionTreeClassifier,0.75,0.25,0.75,0.41161825726141077
DecisionTreeClassifier,0.75,0.25,0.99,0.03571428571428572
DecisionTreeClassifier,0.75,0.25,0.999,0.00411522633744856
DecisionTreeClassifier,0.75,0.5,0.0,0.554224086279209
DecisionTreeClassifier,0.75,0.5,0.25,0.5197827773467805
DecisionTreeClassifier,0.75,0.5,0.5,0.49785867237687365
DecisionTreeClassifier,0.75,0.5,0.75,0.4083769633507853
DecisionTreeClassifier,0.75,0.5,0.99,0.04662004662004662
DecisionTreeClassifier,0.75,0.5,0.999,0.004866180048661801
DecisionTreeClassifier,0.75,0.75,0.0,0.51426697277796
DecisionTreeClassifier,0.75,0.75,0.25,0.4980611805256356
DecisionTreeClassifier,0.75,0.75,0.5,0.46751669702489373
DecisionTreeClassifier,0.75,0.75,0.75,0.4167539267015707
DecisionTreeClassifier,0.75,0.75,0.99,0.0472972972972973
DecisionTreeClassifier,0.75,0.75,0.999,0.0
DecisionTreeClassifier,0.75,0.99,0.0,0.12005583992554676
DecisionTreeClassifier,0.75,0.99,0.25,0.09165097300690521
DecisionTreeClassifier,0.75,0.99,0.5,0.11317254174397032
DecisionTreeClassifier,0.75,0.99,0.75,0.08103130755064457
DecisionTreeClassifier,0.75,0.99,0.99,0.09523809523809525
DecisionTreeClassifier,0.75,0.99,0.999,0.07142857142857142
DecisionTreeClassifier,0.75,0.999,0.0,0.0
DecisionTreeClassifier,0.75,0.999,0.25,0.0
DecisionTreeClassifier,0.75,0.999,0.5,0.0
DecisionTreeClassifier,0.75,0.999,0.75,0.0
DecisionTreeClassifier,0.75,0.999,0.99,0.0
DecisionTreeClassifier,0.75,0.999,0.999,0.0
DecisionTreeClassifier,0.9,0.0,0.0,0.5948575399583044
DecisionTreeClassifier,0.9,0.0,0.25,0.5893470790378008
DecisionTreeClassifier,0.9,0.0,0.5,0.5348837209302325
DecisionTreeClassifier,0.9,0.0,0.75,0.43151969981238275
DecisionTreeClassifier,0.9,0.0,0.99,0.034482758620689655
DecisionTreeClassifier,0.9,0.0,0.999,0.0
DecisionTreeClassifier,0.9,0.25,0.0,0.5830903790087463
DecisionTreeClassifier,0.9,0.25,0.25,0.5733082706766917
DecisionTreeClassifier,0.9,0.25,0.5,0.5254901960784313
DecisionTreeClassifier,0.9,0.25,0.75,0.4439746300211416
DecisionTreeClassifier,0.9,0.25,0.99,0.011428571428571427
DecisionTreeClassifier,0.9,0.25,0.999,0.0
DecisionTreeClassifier,0.9,0.5,0.0,0.5877128053293856
DecisionTreeClassifier,0.9,0.5,0.25,0.5606060606060607
DecisionTreeClassifier,0.9,0.5,0.5,0.5192052980132451
DecisionTreeClassifier,0.9,0.5,0.75,0.42307692307692313
DecisionTreeClassifier,0.9,0.5,0.99,0.011494252873563218
DecisionTreeClassifier,0.9,0.5,0.999,0.0
DecisionTreeClassifier,0.9,0.75,0.0,0.5226710634789777
DecisionTreeClassifier,0.9,0.75,0.25,0.5074946466809421
DecisionTreeClassifier,0.9,0.75,0.5,0.4763358778625954
DecisionTreeClassifier,0.9,0.75,0.75,0.35616438356164387
DecisionTreeClassifier,0.9,0.75,0.99,0.055045871559633024
DecisionTreeClassifier,0.9,0.75,0.999,0.0
DecisionTreeClassifier,0.9,0.99,0.0,0.06053268765133171
DecisionTreeClassifier,0.9,0.99,0.25,0.07667731629392971
DecisionTreeClassifier,0.9,0.99,0.5,0.057831325301204814
DecisionTreeClassifier,0.9,0.99,0.75,0.08530805687203792
DecisionTreeClassifier,0.9,0.99,0.99,0.0
DecisionTreeClassifier,0.9,0.99,0.999,0.0
DecisionTreeClassifier,0.9,0.999,0.0,0.0
DecisionTreeClassifier,0.9,0.999,0.25,0.0033444816053511705
DecisionTreeClassifier,0.9,0.999,0.5,0.0
DecisionTreeClassifier,0.9,0.999,0.75,0.0
DecisionTreeClassifier,0.9,0.999,0.99,0.0
DecisionTreeClassifier,0.9,0.999,0.999,0.0
GaussianNB,0.5,0.0,0.0,0.622420072845002
GaussianNB,0.5,0.0,0.25,0.5683797375199313
GaussianNB,0.5,0.0,0.5,0.48465971032549454
GaussianNB,0.5,0.0,0.75,0.3283966516419833
GaussianNB,0.5,0.0,0.99,0.021383227530905446
GaussianNB,0.5,0.0,0.999,0.0006832934745473181
GaussianNB,0.5,0.25,0.0,0.6263039476375537
GaussianNB,0.5,0.25,0.25,0.5759266146027024
GaussianNB,0.5,0.25,0.5,0.4869234427009035
GaussianNB,0.5,0.25,0.75,0.34010041475660335
GaussianNB,0.5,0.25,0.99,0.020013802622498276
GaussianNB,0.5,0.25,0.999,0.0021149101163200567
GaussianNB,0.5,0.5,0.0,0.6286425386290574
GaussianNB,0.5,0.5,0.25,0.5743174924165824
GaussianNB,0.5,0.5,0.5,0.4831059129304743
GaussianNB,0.5,0.5,0.75,0.33648223121907334
GaussianNB,0.5,0.5,0.99,0.019340974212034383
GaussianNB,0.5,0.5,0.999,0.0007323324789454413
GaussianNB,0.5,0.75,0.0,0.6219969589457679
GaussianNB,0.5,0.75,0.25,0.5724788628844504
GaussianNB,0.5,0.75,0.5,0.4826508283838699
GaussianNB,0.5,0.75,0.75,0.3295332329533233
GaussianNB,0.5,0.75,0.99,0.020798389802079837
GaussianNB,0.5,0.75,0.999,0.0013712718546451835
GaussianNB,0.5,0.99,0.0,0.5648518815052043
GaussianNB,0.5,0.99,0.25,0.508662175168431
GaussianNB,0.5,0.99,0.5,0.4331534772182254
GaussianNB,0.5,0.99,0.75,0.29041976300461936
GaussianNB,0.5,0.99,0.99,0.015527022991937891
GaussianNB,0.5,0.99,0.999,0.0006080875646093037
GaussianNB,0.5,0.999,0.0,0.49891907134129154
GaussianNB,0.5,0.999,0.25,0.4389538119087368
GaussianNB,0.5,0.999,0.5,0.3577058983419408
GaussianNB,0.5,0.999,0.75,0.23217709604322817
GaussianNB,0.5,0.999,0.99,0.012487992315081652
GaussianNB,0.5,0.999,0.999,0.0014612761811982466
GaussianNB,0.75,0.0,0.0,0.6332389809947432
GaussianNB,0.75,0.0,0.25,0.5714285714285714
GaussianNB,0.75,0.0,0.5,0.49589387239418825
GaussianNB,0.75,0.0,0.75,0.3412698412698413
GaussianNB,0.75,0.0,0.99,0.019787985865724382
GaussianNB,0.75,0.0,0.999,0.0014450867052023123
GaussianNB,0.75,0.25,0.0,0.6226987659316205
GaussianNB,0.75,0.25,0.25,0.56981039152918
GaussianNB,0.75,0.25,0.5,0.4783296425181904
GaussianNB,0.75,0.25,0.75,0.3260105448154657
GaussianNB,0.75,0.25,0.99,0.019457956914523976
GaussianNB,0.75,0.25,0.999,0.0014204545454545455
GaussianNB,0.75,0.5,0.0,0.6263273893007413
GaussianNB,0.75,0.5,0.25,0.5671641791044776
GaussianNB,0.75,0.5,0.5,0.487546699875467
GaussianNB,0.75,0.5,0.75,0.31895424836601305
GaussianNB,0.75,0.5,0.99,0.020491803278688523
GaussianNB,0.75,0.5,0.999,0.0013966480446927373
GaussianNB,0.75,0.75,0.0,0.6270226537216828
GaussianNB,0.75,0.75,0.25,0.5719220330619293
GaussianNB,0.75,0.75,0.5,0.48177496038034867
GaussianNB,0.75,0.75,0.75,0.34714348015699953
GaussianNB,0.75,0.75,0.99,0.020979020979020976
GaussianNB,0.75,0.75,0.999,0.001430615164520744
GaussianNB,0.75,0.99,0.0,0.6204444444444445
GaussianNB,0.75,0.99,0.25,0.5969827586206896
GaussianNB,0.75,0.99,0.5,0.49803781662504454
GaussianNB,0.75,0.99,0.75,0.37468354430379747
GaussianNB,0.75,0.99,0.99,0.02631578947368421
GaussianNB,0.75,0.99,0.999,0.0018050541516245486
GaussianNB,0.75,0.999,0.0,0.4528853177501826
GaussianNB,0.75,0.999,0.25,0.39622236531444516
GaussianNB,0.75,0.999,0.5,0.31625487646293887
GaussianNB,0.75,0.999,0.75,0.19459102902374673
GaussianNB,0.75,0.999,0.99,0.012329370321444297
GaussianNB,0.75,0.999,0.999,0.0008928571428571428
GaussianNB,0.9,0.0,0.0,0.6090071647901739
GaussianNB,0.9,0.0,0.25,0.5643564356435643
GaussianNB,0.9,0.0,0.5,0.4758128469468676
GaussianNB,0.9,0.0,0.75,0.3326039387308534
GaussianNB,0.9,0.0,0.99,0.017391304347826087
GaussianNB,0.9,0.0,0.999,0.0
GaussianNB,0.9,0.25,0.0,0.5965820818228897
GaussianNB,0.9,0.25,0.25,0.5693069306930694
GaussianNB,0.9,0.25,0.5,0.47246608140462887
GaussianNB,0.9,0.25,0.75,0.3303964757709251
GaussianNB,0.9,0.25,0.99,0.014035087719298248
GaussianNB,0.9,0.25,0.999,0.0
GaussianNB,0.9,0.5,0.0,0.6108273748723188
GaussianNB,0.9,0.5,0.25,0.5675508945095621
GaussianNB,0.9,0.5,0.5,0.47905138339920955
GaussianNB,0.9,0.5,0.75,0.33224043715846996
GaussianNB,0.9,0.5,0.99,0.006980802792321116
GaussianNB,0.9,0.5,0.999,0.0
GaussianNB,0.9,0.75,0.0,0.6122239342578325
GaussianNB,0.9,0.75,0.25,0.5527638190954774
GaussianNB,0.9,0.75,0.5,0.47397918334667744
GaussianNB,0.9,0.75,0.75,0.3188405797101449
GaussianNB,0.9,0.75,0.99,0.021126760563380278
GaussianNB,0.9,0.75,0.999,0.0
GaussianNB,0.9,0.99,0.0,0.6289978678038379
GaussianNB,0.9,0.99,0.25,0.58371335504886
GaussianNB,0.9,0.99,0.5,0.48464163822525597
GaussianNB,0.9,0.99,0.75,0.37115839243498816
GaussianNB,0.9,0.99,0.99,0.019920318725099605
GaussianNB,0.9,0.99,0.999,0.0
GaussianNB,0.9,0.999,0.0,0.593065693430657
GaussianNB,0.9,0.999,0.25,0.5386289445048966
GaussianNB,0.9,0.999,0.5,0.44247787610619466
GaussianNB,0.9,0.999,0.75,0.3094812164579607
GaussianNB,0.9,0.999,0.99,0.01842105263157895
GaussianNB,0.9,0.999,0.999,0.0
KNeighborsClassifier,0.5,0.0,0.0,0.6115720288761985
KNeighborsClassifier,0.5,0.0,0.25,0.5638535240845255
KNeighborsClassifier,0.5,0.0,0.5,0.47354138398914525
KNeighborsClassifier,0.5,0.0,0.75,0.33655432477020975
KNeighborsClassifier,0.5,0.0,0.99,0.02284843869002285
KNeighborsClassifier,0.5,0.0,0.999,0.0
KNeighborsClassifier,0.5,0.25,0.0,0.5992939099735216
KNeighborsClassifier,0.5,0.25,0.25,0.5472233481961897
KNeighborsClassifier,0.5,0.25,0.5,0.4728722482232623
KNeighborsClassifier,0.5,0.25,0.75,0.3313896987366375
KNeighborsClassifier,0.5,0.25,0.99,0.020577760189948554
KNeighborsClassifier,0.5,0.25,0.999,0.0016207455429497568
KNeighborsClassifier,0.5,0.5,0.0,0.585416426678954
KNeighborsClassifier,0.5,0.5,0.25,0.5442253521126761
KNeighborsClassifier,0.5,0.5,0.5,0.4718732932823594
KNeighborsClassifier,0.5,0.5,0.75,0.33324722293980885
KNeighborsClassifier,0.5,0.5,0.99,0.019861830742659757
KNeighborsClassifier,0.5,0.5,0.999,0.0017699115044247787
KNeighborsClassifier,0.5,0.75,0.0,0.5814829242955459
KNeighborsClassifier,0.5,0.75,0.25,0.5307591623036649
KNeighborsClassifier,0.5,0.75,0.5,0.48155339805825237
KNeighborsClassifier,0.5,0.75,0.75,0.349740932642487
KNeighborsClassifier,0.5,0.75,0.99,0.028083028083028084
KNeighborsClassifier,0.5,0.75,0.999,0.003790271636133923
KNeighborsClassifier,0.5,0.99,0.0,0.0908004778972521
KNeighborsClassifier,0.5,0.99,0.25,0.08791903858317521
KNeighborsClassifier,0.5,0.99,0.5,0.07775175644028103
KNeighborsClassifier,0.5,0.99,0.75,0.06964285714285715
KNeighborsClassifier,0.5,0.99,0.99,0.05263157894736842
KNeighborsClassifier,0.5,0.99,0.999,0.0
KNeighborsClassifier,0.5,0.999,0.0,0.010214504596527068
KNeighborsClassifier,0.5,0.999,0.25,0.006137061029662461
KNeighborsClassifier,0.5,0.999,0.5,0.009174311926605503
KNeighborsClassifier,0.5,0.999,0.75,0.012145748987854253
KNeighborsClassifier,0.5,0.999,0.99,0.0
KNeighborsClassifier,0.5,0.999,0.999,0.0
KNeighborsClassifier,0.75,0.0,0.0,0.6
KNeighborsClassifier,0.75,0.0,0.25,0.5602948920484466
KNeighborsClassifier,0.75,0.0,0.5,0.48320325755005095
KNeighborsClassifier,0.75,0.0,0.75,0.32609744331886154
KNeighborsClassifier,0.75,0.0,0.99,0.025177025963808025
KNeighborsClassifier,0.75,0.0,0.999,0.001615508885298869
KNeighborsClassifier,0.75,0.25,0.0,0.6048439886537202
KNeighborsClassifier,0.75,0.25,0.25,0.5585248530197755
KNeighborsClassifier,0.75,0.25,0.5,0.4698920988513749
KNeighborsClassifier,0.75,0.25,0.75,0.34098680996580366
KNeighborsClassifier,0.75,0.25,0.99,0.021121039805036552
KNeighborsClassifier,0.75,0.25,0.999,0.0016652789342214824
KNeighborsClassifier,0.75,0.5,0.0,0.6051142792486989
KNeighborsClassifier,0.75,0.5,0.25,0.5514726507713885
KNeighborsClassifier,0.75,0.5,0.5,0.49439826526924463
KNeighborsClassifier,0.75,0.5,0.75,0.36297828335056875
KNeighborsClassifier,0.75,0.5,0.99,0.021524663677130042
KNeighborsClassifier,0.75,0.5,0.999,0.001841620626151013
KNeighborsClassifier,0.75,0.75,0.0,0.5706081962933959
KNeighborsClassifier,0.75,0.75,0.25,0.5281157513975665
KNeighborsClassifier,0.75,0.75,0.5,0.4832097688617532
KNeighborsClassifier,0.75,0.75,0.75,0.3468979319546365
KNeighborsClassifier,0.75,0.75,0.99,0.028571428571428574
KNeighborsClassifier,0.75,0.75,0.999,0.0
KNeighborsClassifier,0.75,0.99,0.0,0.16569113012156686
KNeighborsClassifier,0.75,0.99,0.25,0.1658711217183771
KNeighborsClassifier,0.75,0.99,0.5,0.15466666666666665
KNeighborsClassifier,0.75,0.99,0.75,0.16382252559726965
KNeighborsClassifier,0.75,0.99,0.99,0.03389830508474576
KNeighborsClassifier,0.75,0.99,0.999,0.0
KNeighborsClassifier,0.75,0.999,0.0,0.009930486593843097
KNeighborsClassifier,0.75,0.999,0.25,0.007947019867549669
KNeighborsClassifier,0.75,0.999,0.5,0.005952380952380953
KNeighborsClassifier,0.75,0.999,0.75,0.011811023622047244
KNeighborsClassifier,0.75,0.999,0.99,0.0
KNeighborsClassifier,0.75,0.999,0.999,0.0
KNeighborsClassifier,0.9,0.0,0.0,0.6092643051771118
KNeighborsClassifier,0.9,0.0,0.25,0.570670205706702
KNeighborsClassifier,0.9,0.0,0.5,0.5029838022165388
KNeighborsClassifier,0.9,0.0,0.75,0.35194174757281554
KNeighborsClassifier,0.9,0.0,0.99,0.01629327902240326
KNeighborsClassifier,0.9,0.0,0.999,0.0
KNeighborsClassifier,0.9,0.25,0.0,0.6250000000000001
KNeighborsClassifier,0.9,0.25,0.25,0.5905143620574483
KNeighborsClassifier,0.9,0.25,0.5,0.494283201407212
KNeighborsClassifier,0.9,0.25,0.75,0.37174721189591076
KNeighborsClassifier,0.9,0.25,0.99,0.02127659574468085
KNeighborsClassifier,0.9,0.25,0.999,0.0
KNeighborsClassifier,0.9,0.5,0.0,0.6233618233618233
KNeighborsClassifier,0.9,0.5,0.25,0.580872011251758
KNeighborsClassifier,0.9,0.5,0.5,0.4986098239110287
KNeighborsClassifier,0.9,0.5,0.75,0.3942181340341655
KNeighborsClassifier,0.9,0.5,0.99,0.018912529550827426
KNeighborsClassifier,0.9,0.5,0.999,0.0
KNeighborsClassifier,0.9,0.75,0.0,0.5633986928104574
KNeighborsClassifier,0.9,0.75,0.25,0.538961038961039
KNeighborsClassifier,0.9,0.75,0.5,0.4760869565217391
KNeighborsClassifier,0.9,0.75,0.75,0.37277147487844403
KNeighborsClassifier,0.9,0.75,0.99,0.031746031746031744
KNeighborsClassifier,0.9,0.75,0.999,0.0
KNeighborsClassifier,0.9,0.99,0.0,0.14705882352941177
KNeighborsClassifier,0.9,0.99,0.25,0.1437125748502994
KNeighborsClassifier,0.9,0.99,0.5,0.1288888888888889
KNeighborsClassifier,0.9,0.99,0.75,0.15
KNeighborsClassifier,0.9,0.99,0.99,0.125
KNeighborsClassifier,0.9,0.99,0.999,0.0
KNeighborsClassifier,0.9,0.999,0.0,0.027261462205700127
KNeighborsClassifier,0.9,0.999,0.25,0.01
KNeighborsClassifier,0.9,0.999,0.5,0.01
KNeighborsClassifier,0.9,0.999,0.75,0.01990049751243781
KNeighborsClassifier,0.9,0.999,0.99,0.0
KNeighborsClassifier,0.9,0.999,0.999,0.0
LinearSVC,0.5,0.0,0.0,0.6149512023342388
LinearSVC,0.5,0.0,0.25,0.5706686011365011
LinearSVC,0.5,0.0,0.5,0.47812692544670365
LinearSVC,0.5,0.0,0.75,0.32778597008637034
LinearSVC,0.5,0.0,0.99,0.018276762402088774
LinearSVC,0.5,0.0,0.999,0.001332001332001332
LinearSVC,0.5,0.25,0.0,0.6225218878937305
LinearSVC,0.5,0.25,0.25,0.5665812278774562
LinearSVC,0.5,0.25,0.5,0.473208722741433
LinearSVC,0.5,0.25,0.75,0.32694763729246484
LinearSVC,0.5,0.25,0.99,0.020475561426684285
LinearSVC,0.5,0.25,0.999,0.0020236087689713324
LinearSVC,0.5,0.5,0.0,0.616663288060004
LinearSVC,0.5,0.5,0.25,0.5637501533930543
LinearSVC,0.5,0.5,0.5,0.4708646616541353
LinearSVC,0.5,0.5,0.75,0.32870271425518266
LinearSVC,0.5,0.5,0.99,0.020611702127659576
LinearSVC,0.5,0.5,0.999,0.0013586956521739132
LinearSVC,0.5,0.75,0.0,0.6177692229763955
LinearSVC,0.5,0.75,0.25,0.562123632788497
LinearSVC,0.5,0.75,0.5,0.4774535809018567
LinearSVC,0.5,0.75,0.75,0.3256212510711226
LinearSVC,0.5,0.75,0.99,0.019966722129783693
LinearSVC,0.5,0.75,0.999,0.0020387359836901127
LinearSVC,0.5,0.99,0.0,0.59904364635263
LinearSVC,0.5,0.99,0.25,0.5455663510023367
LinearSVC,0.5,0.99,0.5,0.4592361652377241
LinearSVC,0.5,0.99,0.75,0.31129066553263873
LinearSVC,0.5,0.99,0.99,0.018264840182648404
LinearSVC,0.5,0.99,0.999,0.0013311148086522463
LinearSVC,0.5,0.999,0.0,0.1503019458734064
LinearSVC,0.5,0.999,0.25,0.1663768115942029
LinearSVC,0.5,0.999,0.5,0.13526159081242023
LinearSVC,0.5,0.999,0.75,0.11864406779661017
LinearSVC,0.5,0.999,0.99,0.04745762711864407
LinearSVC,0.5,0.999,0.999,0.0
LinearSVC,0.75,0.0,0.0,0.6271974136189129
LinearSVC,0.75,0.0,0.25,0.5767624662245149
LinearSVC,0.75,0.0,0.5,0.48944881889763775
LinearSVC,0.75,0.0,0.75,0.3459694989106753
LinearSVC,0.75,0.0,0.99,0.020935101186322403
LinearSVC,0.75,0.0,0.999,0.0014275517487508922
LinearSVC,0.75,0.25,0.0,0.6217470244099252
LinearSVC,0.75,0.25,0.25,0.5768667642752562
LinearSVC,0.75,0.25,0.5,0.4860632633886627
LinearSVC,0.75,0.25,0.75,0.3402597402597403
LinearSVC,0.75,0.25,0.99,0.01793103448275862
LinearSVC,0.75,0.25,0.999,0.001408450704225352
LinearSVC,0.75,0.5,0.0,0.632209139892237
LinearSVC,0.75,0.5,0.25,0.57080078125
LinearSVC,0.75,0.5,0.5,0.4919254658385094
LinearSVC,0.75,0.5,0.75,0.34648370497427106
LinearSVC,0.75,0.5,0.99,0.02050580997949419
LinearSVC,0.75,0.5,0.999,0.001397624039133473
LinearSVC,0.75,0.75,0.0,0.6271085532843819
LinearSVC,0.75,0.75,0.25,0.5674170902929072
LinearSVC,0.75,0.75,0.5,0.48148148148148145
LinearSVC,0.75,0.75,0.75,0.3382789317507418
LinearSVC,0.75,0.75,0.99,0.020066889632107024
LinearSVC,0.75,0.75,0.999,0.001367053998632946
LinearSVC,0.75,0.99,0.0,0.6122276285170298
LinearSVC,0.75,0.99,0.25,0.5827173081825134
LinearSVC,0.75,0.99,0.5,0.4894039735099337
LinearSVC,0.75,0.99,0.75,0.3463324048282266
LinearSVC,0.75,0.99,0.99,0.0197869101978691
LinearSVC,0.75,0.99,0.999,0.0015576323987538943
LinearSVC,0.75,0.999,0.0,0.25337837837837834
LinearSVC,0.75,0.999,0.25,0.22174840085287847
LinearSVC,0.75,0.999,0.5,0.20892151326933933
LinearSVC,0.75,0.999,0.75,0.15148936170212765
LinearSVC,0.75,0.999,0.99,0.016366612111292964
LinearSVC,0.75,0.999,0.999,0.0
LinearSVC,0.9,0.0,0.0,0.6317927882173692
LinearSVC,0.9,0.0,0.25,0.5844636251541308
LinearSVC,0.9,0.0,0.5,0.5160281469898358
LinearSVC,0.9,0.0,0.75,0.34983498349834985
LinearSVC,0.9,0.0,0.99,0.014234875444839857
LinearSVC,0.9,0.0,0.999,0.0
LinearSVC,0.9,0.25,0.0,0.6342213114754098
LinearSVC,0.9,0.25,0.25,0.5956656346749225
LinearSVC,0.9,0.25,0.5,0.4894991922455573
LinearSVC,0.9,0.25,0.75,0.3497757847533632
LinearSVC,0.9,0.25,0.99,0.02540834845735027
LinearSVC,0.9,0.25,0.999,0.0
LinearSVC,0.9,0.5,0.0,0.6200204290091931
LinearSVC,0.9,0.5,0.25,0.5786551511412708
LinearSVC,0.9,0.5,0.5,0.49921259842519683
LinearSVC,0.9,0.5,0.75,0.34649122807017546
LinearSVC,0.9,0.5,0.99,0.014134275618374558
LinearSVC,0.9,0.5,0.999,0.0
LinearSVC,0.9,0.75,0.0,0.6312563840653729
LinearSVC,0.9,0.75,0.25,0.5692789968652038
LinearSVC,0.9,0.75,0.5,0.4915932746196958
LinearSVC,0.9,0.75,0.75,0.3488888888888889
LinearSVC,0.9,0.75,0.99,0.02154398563734291
LinearSVC,0.9,0.75,0.999,0.0
LinearSVC,0.9,0.99,0.0,0.6129193790686028
LinearSVC,0.9,0.99,0.25,0.5624242424242424
LinearSVC,0.9,0.99,0.5,0.4553990610328638
LinearSVC,0.9,0.99,0.75,0.34973821989528797
LinearSVC,0.9,0.99,0.99,0.023217247097844115
LinearSVC,0.9,0.99,0.999,0.0
LinearSVC,0.9,0.999,0.0,0.3206816421378776
LinearSVC,0.9,0.999,0.25,0.3206831119544592
LinearSVC,0.9,0.999,0.5,0.27421383647798747
LinearSVC,0.9,0.999,0.75,0.20626151012891344
LinearSVC,0.9,0.999,0.99,0.006756756756756756
LinearSVC,0.9,0.999,0.999,0.0
LogisticRegression,0.5,0.0,0.0,0.613823201055516
LogisticRegression,0.5,0.0,0.25,0.5690202785243098
LogisticRegression,0.5,0.0,0.5,0.47882938978829387
LogisticRegression,0.5,0.0,0.75,0.32692307692307687
LogisticRegression,0.5,0.0,0.99,0.018604651162790697
LogisticRegression,0.5,0.0,0.999,0.001356391997287216
LogisticRegression,0.5,0.25,0.0,0.6240372922578029
LogisticRegression,0.5,0.25,0.25,0.5690036900369004
LogisticRegression,0.5,0.25,0.5,0.4758609844315144
LogisticRegression,0.5,0.25,0.75,0.3290211297973264
LogisticRegression,0.5,0.25,0.99,0.020854355869492094
LogisticRegression,0.5,0.25,0.999,0.002061855670103093
LogisticRegression,0.5,0.5,0.0,0.6156830712681234
LogisticRegression,0.5,0.5,0.25,0.5635126777983921
LogisticRegression,0.5,0.5,0.5,0.46962025316455697
LogisticRegression,0.5,0.5,0.75,0.3282871972318339
LogisticRegression,0.5,0.5,0.99,0.02092473844076949
LogisticRegression,0.5,0.5,0.999,0.0013797861331493618
LogisticRegression,0.5,0.75,0.0,0.6189456510655654
LogisticRegression,0.5,0.75,0.25,0.562755544542188
LogisticRegression,0.5,0.75,0.5,0.47809643870154434
LogisticRegression,0.5,0.75,0.75,0.3269731136166522
LogisticRegression,0.5,0.75,0.99,0.020304568527918784
LogisticRegression,0.5,0.75,0.999,0.0020739716557207056
LogisticRegression,0.5,0.99,0.0,0.5968618603220182
LogisticRegression,0.5,0.99,0.25,0.5463777089783282
LogisticRegression,0.5,0.99,0.5,0.45853658536585373
LogisticRegression,0.5,0.99,0.75,0.3113308965813803
LogisticRegression,0.5,0.99,0.99,0.018530774321641297
LogisticRegression,0.5,0.99,0.999,0.0013508949679162444
LogisticRegression,0.5,0.999,0.0,0.20451640391989775
LogisticRegression,0.5,0.999,0.25,0.21721198790211713
LogisticRegression,0.5,0.999,0.5,0.19187898089171976
LogisticRegression,0.5,0.999,0.75,0.14152966404574696
LogisticRegression,0.5,0.999,0.99,0.04266666666666667
LogisticRegression,0.5,0.999,0.999,0.006006006006006006
LogisticRegression,0.75,0.0,0.0,0.6266531027466938
LogisticRegression,0.75,0.0,0.25,0.5774369124195944
LogisticRegression,0.75,0.0,0.5,0.4899904671115348
LogisticRegression,0.75,0.0,0.75,0.3442188879082083
LogisticRegression,0.75,0.0,0.99,0.021261516654854717
LogisticRegression,0.75,0.0,0.999,0.00145032632342277
LogisticRegression,0.75,0.25,0.0,0.6210398050365558
LogisticRegression,0.75,0.25,0.25,0.5777450257921887
LogisticRegression,0.75,0.25,0.5,0.4868961161982948
LogisticRegression,0.75,0.25,0.75,0.34120734908136485
LogisticRegression,0.75,0.25,0.99,0.01819454163750875
LogisticRegression,0.75,0.25,0.999,0.0014295925661186562
LogisticRegression,0.75,0.5,0.0,0.6334805299076677
LogisticRegression,0.75,0.5,0.25,0.5715691096901132
LogisticRegression,0.75,0.5,0.5,0.4916901850109752
LogisticRegression,0.75,0.5,0.75,0.34850455136540964
LogisticRegression,0.75,0.5,0.99,0.020833333333333332
LogisticRegression,0.75,0.5,0.999,0.0014204545454545455
LogisticRegression,0.75,0.75,0.0,0.6262019230769231
LogisticRegression,0.75,0.75,0.25,0.563159185675742
LogisticRegression,0.75,0.75,0.5,0.47934918648310393
LogisticRegression,0.75,0.75,0.75,0.33835557468790356
LogisticRegression,0.75,0.75,0.99,0.020477815699658702
LogisticRegression,0.75,0.75,0.999,0.0013956734124214935
LogisticRegression,0.75,0.99,0.0,0.6107784431137724
LogisticRegression,0.75,0.99,0.25,0.5809450038729667
LogisticRegression,0.75,0.99,0.5,0.4890829694323144
LogisticRegression,0.75,0.99,0.75,0.3507779349363508
LogisticRegression,0.75,0.99,0.99,0.020280811232449302
LogisticRegression,0.75,0.99,0.999,0.001597444089456869
LogisticRegression,0.75,0.999,0.0,0.26128266033254155
LogisticRegression,0.75,0.999,0.25,0.22470942746448558
LogisticRegression,0.75,0.999,0.5,0.21269296740994853
LogisticRegression,0.75,0.999,0.75,0.16881998277347116
LogisticRegression,0.75,0.999,0.99,0.017006802721088437
LogisticRegression,0.75,0.999,0.999,0.0
LogisticRegression,0.9,0.0,0.0,0.6294779938587513
LogisticRegression,0.9,0.0,0.25,0.5820895522388061
LogisticRegression,0.9,0.0,0.5,0.5146014206787687
LogisticRegression,0.9,0.0,0.75,0.3492769744160178
LogisticRegression,0.9,0.0,0.99,0.014440433212996387
LogisticRegression,0.9,0.0,0.999,0.0
LogisticRegression,0.9,0.25,0.0,0.6321243523316062
LogisticRegression,0.9,0.25,0.25,0.59875
LogisticRegression,0.9,0.25,0.5,0.49469387755102046
LogisticRegression,0.9,0.25,0.75,0.3530751708428246
LogisticRegression,0.9,0.25,0.99,0.02602230483271376
LogisticRegression,0.9,0.25,0.999,0.0
LogisticRegression,0.9,0.5,0.0,0.6184615384615384
LogisticRegression,0.9,0.5,0.25,0.58008658008658
LogisticRegression,0.9,0.5,0.5,0.5007898894154819
LogisticRegression,0.9,0.5,0.75,0.34983498349834985
LogisticRegression,0.9,0.5,0.99,0.014234875444839857
LogisticRegression,0.9,0.5,0.999,0.0
LogisticRegression,0.9,0.75,0.0,0.631905007743934
LogisticRegression,0.9,0.75,0.25,0.5710659898477157
LogisticRegression,0.9,0.75,0.5,0.490228013029316
LogisticRegression,0.9,0.75,0.75,0.35107587768969417
LogisticRegression,0.9,0.75,0.99,0.02214022140221402
LogisticRegression,0.9,0.75,0.999,0.0
LogisticRegression,0.9,0.99,0.0,0.6224696356275303
LogisticRegression,0.9,0.99,0.25,0.5707257072570725
LogisticRegression,0.9,0.99,0.5,0.4641148325358852
LogisticRegression,0.9,0.99,0.75,0.3605150214592274
LogisticRegression,0.9,0.99,0.99,0.020761245674740483
LogisticRegression,0.9,0.99,0.999,0.0
LogisticRegression,0.9,0.999,0.0,0.3232323232323232
LogisticRegression,0.9,0.999,0.25,0.32221163012392756
LogisticRegression,0.9,0.999,0.5,0.27594936708860757
LogisticRegression,0.9,0.999,0.75,0.2048417132216015
LogisticRegression,0.9,0.999,0.99,0.006872852233676976
LogisticRegression,0.9,0.999,0.999,0.0
Perceptron,0.5,0.0,0.0,0.5415251620870639
Perceptron,0.5,0.0,0.25,0.5389408099688473
Perceptron,0.5,0.0,0.5,0.48653061224489796
Perceptron,0.5,0.0,0.75,0.37886251679355126
Perceptron,0.5,0.0,0.99,0.04241071428571429
Perceptron,0.5,0.0,0.999,0.0
Perceptron,0.5,0.25,0.0,0.6171827931076033
Perceptron,0.5,0.25,0.25,0.5751868460388639
Perceptron,0.5,0.25,0.5,0.49524187153053134
Perceptron,0.5,0.25,0.75,0.3713956170703576
Perceptron,0.5,0.25,0.99,0.029181865554976552
Perceptron,0.5,0.25,0.999,0.003227541689080151
Perceptron,0.5,0.5,0.0,0.6019202363367798
Perceptron,0.5,0.5,0.25,0.5660319878141662
Perceptron,0.5,0.5,0.5,0.49506545820745207
Perceptron,0.5,0.5,0.75,0.3672866843814585
Perceptron,0.5,0.5,0.99,0.023732470334412083
Perceptron,0.5,0.5,0.999,0.0022234574763757642
Perceptron,0.5,0.75,0.0,0.5153226945346702
Perceptron,0.5,0.75,0.25,0.445584881068752
Perceptron,0.5,0.75,0.5,0.352556708958093
Perceptron,0.5,0.75,0.75,0.21473041231058382
Perceptron,0.5,0.75,0.99,0.010743061772605193
Perceptron,0.5,0.75,0.999,0.0009044317154054868
Perceptron,0.5,0.99,0.0,0.5658198614318706
Perceptron,0.5,0.99,0.25,0.543731778425656
Perceptron,0.5,0.99,0.5,0.4939009210853871
Perceptron,0.5,0.99,0.75,0.39028213166144204
Perceptron,0.5,0.99,0.99,0.02292768959435626
Perceptron,0.5,0.99,0.999,0.003676470588235294
Perceptron,0.5,0.999,0.0,0.11486331265793705
Perceptron,0.5,0.999,0.25,0.11951951951951953
Perceptron,0.5,0.999,0.5,0.10026385224274408
Perceptron,0.5,0.999,0.75,0.09149277688603533
Perceptron,0.5,0.999,0.99,0.04580152671755725
Perceptron,0.5,0.999,0.999,0.0
Perceptron,0.75,0.0,0.0,0.562958240357029
Perceptron,0.75,0.0,0.25,0.5008415934168693
Perceptron,0.75,0.0,0.5,0.4042746703046839
Perceptron,0.75,0.0,0.75,0.2561576354679803
Perceptron,0.75,0.0,0.99,0.014134275618374558
Perceptron,0.75,0.0,0.999,0.0007961783439490445
Perceptron,0.75,0.25,0.0,0.44179507367000337
Perceptron,0.75,0.25,0.25,0.3724993669283363
Perceptron,0.75,0.25,0.5,0.2847222222222222
Perceptron,0.75,0.25,0.75,0.166525924674886
Perceptron,0.75,0.25,0.99,0.007650493255486209
Perceptron,0.75,0.25,0.999,0.0004055972419387548
Perceptron,0.75,0.5,0.0,0.39780621572212066
Perceptron,0.75,0.5,0.25,0.3763802208353336
Perceptron,0.75,0.5,0.5,0.38263229308005425
Perceptron,0.75,0.5,0.75,0.34647550776583036
Perceptron,0.75,0.5,0.99,0.037037037037037035
Perceptron,0.75,0.5,0.999,0.0
Perceptron,0.75,0.75,0.0,0.5533313414998506
Perceptron,0.75,0.75,0.25,0.512006196746708
Perceptron,0.75,0.75,0.5,0.4815803523758675
Perceptron,0.75,0.75,0.75,0.41580756013745707
Perceptron,0.75,0.75,0.99,0.03991130820399113
Perceptron,0.75,0.75,0.999,0.0
Perceptron,0.75,0.99,0.0,0.2411286874732792
Perceptron,0.75,0.99,0.25,0.2709605774569684
Perceptron,0.75,0.99,0.5,0.24398340248962652
Perceptron,0.75,0.99,0.75,0.2616822429906542
Perceptron,0.75,0.99,0.99,0.02531645569620253
Perceptron,0.75,0.99,0.999,0.0
Perceptron,0.75,0.999,0.0,0.27677100494233936
Perceptron,0.75,0.999,0.25,0.24554126918291164
Perceptron,0.75,0.999,0.5,0.22904109589041094
Perceptron,0.75,0.999,0.75,0.16748768472906403
Perceptron,0.75,0.999,0.99,0.018691588785046728
Perceptron,0.75,0.999,0.999,0.0
Perceptron,0.9,0.0,0.0,0.5222672064777327
Perceptron,0.9,0.0,0.25,0.5165562913907286
Perceptron,0.9,0.0,0.5,0.45796460176991155
Perceptron,0.9,0.0,0.75,0.36184210526315785
Perceptron,0.9,0.0,0.99,0.03215434083601286
Perceptron,0.9,0.0,0.999,0.0
Perceptron,0.9,0.25,0.0,0.5618066561014263
Perceptron,0.9,0.25,0.25,0.5037037037037037
Perceptron,0.9,0.25,0.5,0.40965207631874295
Perceptron,0.9,0.25,0.75,0.2587562544674768
Perceptron,0.9,0.25,0.99,0.013552758954501452
Perceptron,0.9,0.25,0.999,0.0
Perceptron,0.9,0.5,0.0,0.5240174672489083
Perceptron,0.9,0.5,0.25,0.45978947368421047
Perceptron,0.9,0.5,0.5,0.36673346693386777
Perceptron,0.9,0.5,0.75,0.23005565862708718
Perceptron,0.9,0.5,0.99,0.008038585209003217
Perceptron,0.9,0.5,0.999,0.0
Perceptron,0.9,0.75,0.0,0.5317796610169492
Perceptron,0.9,0.75,0.25,0.45458281956432395
Perceptron,0.9,0.75,0.5,0.36558094312105005
Perceptron,0.9,0.75,0.75,0.22302158273381298
Perceptron,0.9,0.75,0.99,0.01079414032382421
Perceptron,0.9,0.75,0.999,0.0
Perceptron,0.9,0.99,0.0,0.5207356653443923
Perceptron,0.9,0.99,0.25,0.45150501672240806
Perceptron,0.9,0.99,0.5,0.3461730865432716
Perceptron,0.9,0.99,0.75,0.22249388753056235
Perceptron,0.9,0.99,0.99,0.01103230890464933
Perceptron,0.9,0.99,0.999,0.0
Perceptron,0.9,0.999,0.0,0.3107255520504732
Perceptron,0.9,0.999,0.25,0.30843840931134825
Perceptron,0.9,0.999,0.5,0.2654639175257732
Perceptron,0.9,0.999,0.75,0.1804222648752399
Perceptron,0.9,0.999,0.99,0.0
Perceptron,0.9,0.999,0.999,0.0
RandomForestClassifier,0.5,0.0,0.0,0.6762324193777525
RandomForestClassifier,0.5,0.0,0.25,0.6482809339952197
RandomForestClassifier,0.5,0.0,0.5,0.6161693445549604
RandomForestClassifier,0.5,0.0,0.75,0.5062205062205063
RandomForestClassifier,0.5,0.0,0.99,0.04994054696789536
RandomForestClassifier,0.5,0.0,0.999,0.0026075619295958283
RandomForestClassifier,0.5,0.25,0.0,0.6455409687641467
RandomForestClassifier,0.5,0.25,0.25,0.6290259992239038
RandomForestClassifier,0.5,0.25,0.5,0.599562363238512
RandomForestClassifier,0.5,0.25,0.75,0.5166120729995319
RandomForestClassifier,0.5,0.25,0.99,0.06470588235294117
RandomForestClassifier,0.5,0.25,0.999,0.009693053311793215
RandomForestClassifier,0.5,0.5,0.0,0.6263074484944532
RandomForestClassifier,0.5,0.5,0.25,0.6067230356774592
RandomForestClassifier,0.5,0.5,0.5,0.5719402985074626
RandomForestClassifier,0.5,0.5,0.75,0.5113098369279327
RandomForestClassifier,0.5,0.5,0.99,0.06464646464646465
RandomForestClassifier,0.5,0.5,0.999,0.009049773755656108
RandomForestClassifier,0.5,0.75,0.0,0.5388030545196236
RandomForestClassifier,0.5,0.75,0.25,0.5331465919701214
RandomForestClassifier,0.5,0.75,0.5,0.5212368331634387
RandomForestClassifier,0.5,0.75,0.75,0.48075709779179815
RandomForestClassifier,0.5,0.75,0.99,0.12162162162162163
RandomForestClassifier,0.5,0.75,0.999,0.008733624454148471
RandomForestClassifier,0.5,0.99,0.0,0.011770726714431936
RandomForestClassifier,0.5,0.99,0.25,0.014986376021798364
RandomForestClassifier,0.5,0.99,0.5,0.013292433537832311
RandomForestClassifier,0.5,0.99,0.75,0.010245901639344263
RandomForestClassifier,0.5,0.99,0.99,0.0
RandomForestClassifier,0.5,0.99,0.999,0.0
RandomForestClassifier,0.5,0.999,0.0,0.0015432098765432098
RandomForestClassifier,0.5,0.999,0.25,0.000686106346483705
RandomForestClassifier,0.5,0.999,0.5,0.0
RandomForestClassifier,0.5,0.999,0.75,0.0
RandomForestClassifier,0.5,0.999,0.99,0.05
RandomForestClassifier,0.5,0.999,0.999,0.0
RandomForestClassifier,0.75,0.0,0.0,0.6559412926898108
RandomForestClassifier,0.75,0.0,0.25,0.6320754716981132
RandomForestClassifier,0.75,0.0,0.5,0.5854156042835289
RandomForestClassifier,0.75,0.0,0.75,0.4928270042194093
RandomForestClassifier,0.75,0.0,0.99,0.06341463414634146
RandomForestClassifier,0.75,0.0,0.999,0.005305039787798408
RandomForestClassifier,0.75,0.25,0.0,0.6403739409874378
RandomForestClassifier,0.75,0.25,0.25,0.6146230007616146
RandomForestClassifier,0.75,0.25,0.5,0.5793991416309012
RandomForestClassifier,0.75,0.25,0.75,0.48673376029277227
RandomForestClassifier,0.75,0.25,0.99,0.045454545454545456
RandomForestClassifier,0.75,0.25,0.999,0.006329113924050633
RandomForestClassifier,0.75,0.5,0.0,0.6028858218318696
RandomForestClassifier,0.75,0.5,0.25,0.5792304509722797
RandomForestClassifier,0.75,0.5,0.5,0.5705882352941176
RandomForestClassifier,0.75,0.5,0.75,0.520408163265306
RandomForestClassifier,0.75,0.5,0.99,0.05490196078431373
RandomForestClassifier,0.75,0.5,0.999,0.008547008547008546
RandomForestClassifier,0.75,0.75,0.0,0.530640668523677
RandomForestClassifier,0.75,0.75,0.25,0.5069508804448564
RandomForestClassifier,0.75,0.75,0.5,0.5093333333333334
RandomForestClassifier,0.75,0.75,0.75,0.4682440846824409
RandomForestClassifier,0.75,0.75,0.99,0.08633093525179857
RandomForestClassifier,0.75,0.75,0.999,0.0
RandomForestClassifier,0.75,0.99,0.0,0.09709662065683007
RandomForestClassifier,0.75,0.99,0.25,0.06576402321083172
RandomForestClassifier,0.75,0.99,0.5,0.07135969141755062
RandomForestClassifier,0.75,0.99,0.75,0.10922787193973635
RandomForestClassifier,0.75,0.99,0.99,0.08695652173913043
RandomForestClassifier,0.75,0.99,0.999,0.0
RandomForestClassifier,0.75,0.999,0.0,0.0
RandomForestClassifier,0.75,0.999,0.25,0.0
RandomForestClassifier,0.75,0.999,0.5,0.0
RandomForestClassifier,0.75,0.999,0.75,0.0
RandomForestClassifier,0.75,0.999,0.99,0.0
RandomForestClassifier,0.75,0.999,0.999,0.0
RandomForestClassifier,0.9,0.0,0.0,0.6596343178621659
RandomForestClassifier,0.9,0.0,0.25,0.6818580192813323
RandomForestClassifier,0.9,0.0,0.5,0.6211180124223603
RandomForestClassifier,0.9,0.0,0.75,0.5219206680584552
RandomForestClassifier,0.9,0.0,0.99,0.059171597633136085
RandomForestClassifier,0.9,0.0,0.999,0.0
RandomForestClassifier,0.9,0.25,0.0,0.6563649742457691
RandomForestClassifier,0.9,0.25,0.25,0.6580166821130676
RandomForestClassifier,0.9,0.25,0.5,0.6086956521739131
RandomForestClassifier,0.9,0.25,0.75,0.5070422535211266
RandomForestClassifier,0.9,0.25,0.99,0.04651162790697675
RandomForestClassifier,0.9,0.25,0.999,0.0
RandomForestClassifier,0.9,0.5,0.0,0.6339563862928349
RandomForestClassifier,0.9,0.5,0.25,0.6404040404040404
RandomForestClassifier,0.9,0.5,0.5,0.5829596412556054
RandomForestClassifier,0.9,0.5,0.75,0.5526315789473684
RandomForestClassifier,0.9,0.5,0.99,0.07058823529411765
RandomForestClassifier,0.9,0.5,0.999,0.0
RandomForestClassifier,0.9,0.75,0.0,0.5282685512367491
RandomForestClassifier,0.9,0.75,0.25,0.5419501133786848
RandomForestClassifier,0.9,0.75,0.5,0.5245346869712353
RandomForestClassifier,0.9,0.75,0.75,0.4675324675324675
RandomForestClassifier,0.9,0.75,0.99,0.1568627450980392
RandomForestClassifier,0.9,0.75,0.999,0.0
RandomForestClassifier,0.9,0.99,0.0,0.0297029702970297
RandomForestClassifier,0.9,0.99,0.25,0.032948929159802305
RandomForestClassifier,0.9,0.99,0.5,0.014962593516209474
RandomForestClassifier,0.9,0.99,0.75,0.01990049751243781
RandomForestClassifier,0.9,0.99,0.99,0.25
RandomForestClassifier,0.9,0.99,0.999,0.0
RandomForestClassifier,0.9,0.999,0.0,0.0
RandomForestClassifier,0.9,0.999,0.25,0.0
RandomForestClassifier,0.9,0.999,0.5,0.0
RandomForestClassifier,0.9,0.999,0.75,0.0
RandomForestClassifier,0.9,0.999,0.99,0.0
RandomForestClassifier,0.9,0.999,0.999,0.0
SGDClassifier,0.5,0.0,0.0,0.6193356470004957
SGDClassifier,0.5,0.0,0.25,0.5705791413961232
SGDClassifier,0.5,0.0,0.5,0.46319921491658483
SGDClassifier,0.5,0.0,0.75,0.2930466447026183
SGDClassifier,0.5,0.0,0.99,0.01919258769027134
SGDClassifier,0.5,0.0,0.999,0.0
SGDClassifier,0.5,0.25,0.0,0.6299262381454163
SGDClassifier,0.5,0.25,0.25,0.5505356311131812
SGDClassifier,0.5,0.25,0.5,0.457062543921293
SGDClassifier,0.5,0.25,0.75,0.3458502750538149
SGDClassifier,0.5,0.25,0.99,0.015063481816225521
SGDClassifier,0.5,0.25,0.999,0.0013032145960034751
SGDClassifier,0.5,0.5,0.0,0.6157729980813895
SGDClassifier,0.5,0.5,0.25,0.5817321903635827
SGDClassifier,0.5,0.5,0.5,0.4744155631845676
SGDClassifier,0.5,0.5,0.75,0.3815789473684211
SGDClassifier,0.5,0.5,0.99,0.01795020266357846
SGDClassifier,0.5,0.5,0.999,0.0015420200462606015
SGDClassifier,0.5,0.75,0.0,0.6075853589331315
SGDClassifier,0.5,0.75,0.25,0.5309789343246593
SGDClassifier,0.5,0.75,0.5,0.4476485648834389
SGDClassifier,0.5,0.75,0.75,0.36898096304591266
SGDClassifier,0.5,0.75,0.99,0.020913210177762286
SGDClassifier,0.5,0.75,0.999,0.002188183807439825
SGDClassifier,0.5,0.99,0.0,0.6062861059434055
SGDClassifier,0.5,0.99,0.25,0.5695026962252846
SGDClassifier,0.5,0.99,0.5,0.4615384615384615
SGDClassifier,0.5,0.99,0.75,0.31518746028383815
SGDClassifier,0.5,0.99,0.99,0.017119244391971666
SGDClassifier,0.5,0.99,0.999,0.0013328890369876706
SGDClassifier,0.5,0.999,0.0,0.15897895208240034
SGDClassifier,0.5,0.999,0.25,0.1758560650029019
SGDClassifier,0.5,0.999,0.5,0.15108834827144685
SGDClassifier,0.5,0.999,0.75,0.11865729898516783
SGDClassifier,0.5,0.999,0.99,0.05054151624548736
SGDClassifier,0.5,0.999,0.999,0.0
SGDClassifier,0.75,0.0,0.0,0.6283714226889027
SGDClassifier,0.75,0.0,0.25,0.6012058570198106
SGDClassifier,0.75,0.0,0.5,0.47141255605381166
SGDClassifier,0.75,0.0,0.75,0.3596914175506268
SGDClassifier,0.75,0.0,0.99,0.015789473684210523
SGDClassifier,0.75,0.0,0.999,0.0015026296018031556
SGDClassifier,0.75,0.25,0.0,0.6198409693297994
SGDClassifier,0.75,0.25,0.25,0.5815847938780547
SGDClassifier,0.75,0.25,0.5,0.47967980295566504
SGDClassifier,0.75,0.25,0.75,0.3494423791821561
SGDClassifier,0.75,0.25,0.99,0.020833333333333332
SGDClassifier,0.75,0.25,0.999,0.0020387359836901127
SGDClassifier,0.75,0.5,0.0,0.632649146364857
SGDClassifier,0.75,0.5,0.25,0.5723033443240697
SGDClassifier,0.75,0.5,0.5,0.523088023088023
SGDClassifier,0.75,0.5,0.75,0.3587609801202034
SGDClassifier,0.75,0.5,0.99,0.022932022932022934
SGDClassifier,0.75,0.5,0.999,0.0011702750146284377
SGDClassifier,0.75,0.75,0.0,0.6258001939864208
SGDClassifier,0.75,0.75,0.25,0.5420397466695785
SGDClassifier,0.75,0.75,0.5,0.49948471315699067
SGDClassifier,0.75,0.75,0.75,0.3174962292609351
SGDClassifier,0.75,0.75,0.99,0.017498713329902216
SGDClassifier,0.75,0.75,0.999,0.001619433198380567
SGDClassifier,0.75,0.99,0.0,0.6092362344582594
SGDClassifier,0.75,0.99,0.25,0.5357364822871349
SGDClassifier,0.75,0.99,0.5,0.46118192352259557
SGDClassifier,0.75,0.99,0.75,0.3629893238434164
SGDClassifier,0.75,0.99,0.99,0.019464720194647202
SGDClassifier,0.75,0.99,0.999,0.001234567901234568
SGDClassifier,0.75,0.999,0.0,0.2297250261051166
SGDClassifier,0.75,0.999,0.25,0.21943844492440606
SGDClassifier,0.75,0.999,0.5,0.19674039580908032
SGDClassifier,0.75,0.999,0.75,0.1453287197231834
SGDClassifier,0.75,0.999,0.99,0.014084507042253523
SGDClassifier,0.75,0.999,0.999,0.0
SGDClassifier,0.9,0.0,0.0,0.6209870627695256
SGDClassifier,0.9,0.0,0.25,0.549163179916318
SGDClassifier,0.9,0.0,0.5,0.5101580135440181
SGDClassifier,0.9,0.0,0.75,0.38216560509554137
SGDClassifier,0.9,0.0,0.99,0.01342281879194631
SGDClassifier,0.9,0.0,0.999,0.0
SGDClassifier,0.9,0.25,0.0,0.6355140186915889
SGDClassifier,0.9,0.25,0.25,0.5879518072289157
SGDClassifier,0.9,0.25,0.5,0.5051020408163265
SGDClassifier,0.9,0.25,0.75,0.38709677419354843
SGDClassifier,0.9,0.25,0.99,0.021840873634945402
SGDClassifier,0.9,0.25,0.999,0.0
SGDClassifier,0.9,0.5,0.0,0.6241610738255033
SGDClassifier,0.9,0.5,0.25,0.6121297602256701
SGDClassifier,0.9,0.5,0.5,0.4976671850699845
SGDClassifier,0.9,0.5,0.75,0.39740259740259737
SGDClassifier,0.9,0.5,0.99,0.012170385395537527
SGDClassifier,0.9,0.5,0.999,0.0
SGDClassifier,0.9,0.75,0.0,0.6229508196721312
SGDClassifier,0.9,0.75,0.25,0.5793010752688172
SGDClassifier,0.9,0.75,0.5,0.49958088851634536
SGDClassifier,0.9,0.75,0.75,0.3096774193548387
SGDClassifier,0.9,0.75,0.99,0.01938610662358643
SGDClassifier,0.9,0.75,0.999,0.0
SGDClassifier,0.9,0.99,0.0,0.5991561181434599
SGDClassifier,0.9,0.99,0.25,0.5679330328396652
SGDClassifier,0.9,0.99,0.5,0.4654605263157895
SGDClassifier,0.9,0.99,0.75,0.3470225872689939
SGDClassifier,0.9,0.99,0.99,0.018018018018018018
SGDClassifier,0.9,0.99,0.999,0.0
SGDClassifier,0.9,0.999,0.0,0.33499643620812547
SGDClassifier,0.9,0.999,0.25,0.3264942016057092
SGDClassifier,0.9,0.999,0.5,0.26696832579185525
SGDClassifier,0.9,0.999,0.75,0.19285714285714287
SGDClassifier,0.9,0.999,0.99,0.005449591280653952
SGDClassifier,0.9,0.999,0.999,0.0
GaussianMixture,0.5,0.0,0.0,0.4517484413120086
GaussianMixture,0.5,0.0,0.25,0.38434769159384424
GaussianMixture,0.5,0.0,0.5,0.29691574498696166
GaussianMixture,0.5,0.0,0.75,0.04719665271966527
GaussianMixture,0.5,0.0,0.99,0.002039983680130559
GaussianMixture,0.5,0.0,0.999,0.0007974481658692185
GaussianMixture,0.5,0.25,0.0,0.44891031298798284
GaussianMixture,0.5,0.25,0.25,0.38547140649149925
GaussianMixture,0.5,0.25,0.5,0.08384918401800787
GaussianMixture,0.5,0.25,0.75,0.04457851516675046
GaussianMixture,0.5,0.25,0.99,0.007908264136022143
GaussianMixture,0.5,0.25,0.999,0.0005317027781470158
GaussianMixture,0.5,0.5,0.0,0.12616272853629854
GaussianMixture,0.5,0.5,0.25,0.110881960451292
GaussianMixture,0.5,0.5,0.5,0.2976811073161963
GaussianMixture,0.5,0.5,0.75,0.1752953813104189
GaussianMixture,0.5,0.5,0.99,0.008695652173913045
GaussianMixture,0.5,0.5,0.999,0.0007974481658692185
GaussianMixture,0.5,0.75,0.0,0.1205361930294906
GaussianMixture,0.5,0.75,0.25,0.3853466264780895
GaussianMixture,0.5,0.75,0.5,0.29813999460868
GaussianMixture,0.5,0.75,0.75,0.054036024016010674
GaussianMixture,0.5,0.75,0.99,0.0012244897959183673
GaussianMixture,0.5,0.75,0.999,0.0007974481658692185
GaussianMixture,0.5,0.99,0.0,0.44859432296618224
GaussianMixture,0.5,0.99,0.25,0.10720797374498602
GaussianMixture,0.5,0.99,0.5,0.08384918401800787
GaussianMixture,0.5,0.99,0.75,0.05306190555648256
GaussianMixture,0.5,0.99,0.99,0.00922023182297155
GaussianMixture,0.5,0.99,0.999,0.00041135335252982314
GaussianMixture,0.5,0.999,0.0,0.1337450750718773
GaussianMixture,0.5,0.999,0.25,0.3878385677907246
GaussianMixture,0.5,0.999,0.5,0.299362485408997
GaussianMixture,0.5,0.999,0.75,0.04915565958869754
GaussianMixture,0.5,0.999,0.99,0.008695652173913045
GaussianMixture,0.5,0.999,0.999,0.0007974481658692185
GaussianMixture,0.75,0.0,0.0,0.13040643338404695
GaussianMixture,0.75,0.0,0.25,0.376325903151422
GaussianMixture,0.75,0.0,0.5,0.07880356629278112
GaussianMixture,0.75,0.0,0.75,0.1644359464627151
GaussianMixture,0.75,0.0,0.99,0.0024989587671803413
GaussianMixture,0.75,0.0,0.999,0.0005205622071837586
GaussianMixture,0.75,0.25,0.0,0.4435440302539168
GaussianMixture,0.75,0.25,0.25,0.11915312653865093
GaussianMixture,0.75,0.25,0.5,0.2902421652421652
GaussianMixture,0.75,0.25,0.75,0.1710414902624894
GaussianMixture,0.75,0.25,0.99,0.007743933918430563
GaussianMixture,0.75,0.25,0.999,0.0
GaussianMixture,0.75,0.5,0.0,0.441228188827269
GaussianMixture,0.75,0.5,0.25,0.10703666997026758
GaussianMixture,0.75,0.5,0.5,0.29237062066512537
GaussianMixture,0.75,0.5,0.75,0.1733615221987315
GaussianMixture,0.75,0.5,0.99,0.004161464835622139
GaussianMixture,0.75,0.5,0.999,0.0
GaussianMixture,0.75,0.75,0.0,0.11772428884026259
GaussianMixture,0.75,0.75,0.25,0.09713574097135741
GaussianMixture,0.75,0.75,0.5,0.09197372179377321
GaussianMixture,0.75,0.75,0.75,0.05178875638841567
GaussianMixture,0.75,0.75,0.99,0.0024989587671803413
GaussianMixture,0.75,0.75,0.999,0.0
GaussianMixture,0.75,0.99,0.0,0.4431234801405026
GaussianMixture,0.75,0.99,0.25,0.10233482364629905
GaussianMixture,0.75,0.99,0.5,0.07381776239907728
GaussianMixture,0.75,0.99,0.75,0.0471311475409836
GaussianMixture,0.75,0.99,0.99,0.0008336807002917884
GaussianMixture,0.75,0.99,0.999,0.0
GaussianMixture,0.75,0.999,0.0,0.12347294938917977
GaussianMixture,0.75,0.999,0.25,0.10421836228287842
GaussianMixture,0.75,0.999,0.5,0.29176303148905897
GaussianMixture,0.75,0.999,0.75,0.06366407043684388
GaussianMixture,0.75,0.999,0.99,0.008771929824561405
GaussianMixture,0.75,0.999,0.999,0.0
GaussianMixture,0.9,0.0,0.0,0.11646136618141097
GaussianMixture,0.9,0.0,0.25,0.10519645120405577
GaussianMixture,0.9,0.0,0.5,0.28357551739321885
GaussianMixture,0.9,0.0,0.75,0.055507372072853424
GaussianMixture,0.9,0.0,0.99,0.0042417815482502655
GaussianMixture,0.9,0.0,0.999,0.0
GaussianMixture,0.9,0.25,0.0,0.13111111111111112
GaussianMixture,0.9,0.25,0.25,0.0967536600891152
GaussianMixture,0.9,0.25,0.5,0.07788390889052169
GaussianMixture,0.9,0.25,0.75,0.1712506486766995
GaussianMixture,0.9,0.25,0.99,0.006355932203389831
GaussianMixture,0.9,0.25,0.999,0.0
GaussianMixture,0.9,0.5,0.0,0.4319946000674991
GaussianMixture,0.9,0.5,0.25,0.36946564885496186
GaussianMixture,0.9,0.5,0.5,0.29035087719298247
GaussianMixture,0.9,0.5,0.75,0.1712506486766995
GaussianMixture,0.9,0.5,0.99,0.00881057268722467
GaussianMixture,0.9,0.5,0.999,0.0
GaussianMixture,0.9,0.75,0.0,0.10905002810567735
GaussianMixture,0.9,0.75,0.25,0.09796437659033079
GaussianMixture,0.9,0.75,0.5,0.08632040965618142
GaussianMixture,0.9,0.75,0.75,0.04873803307223673
GaussianMixture,0.9,0.75,0.99,0.0021231422505307855
GaussianMixture,0.9,0.75,0.999,0.0
GaussianMixture,0.9,0.99,0.0,0.43410852713178294
GaussianMixture,0.9,0.99,0.25,0.08578745198463507
GaussianMixture,0.9,0.99,0.5,0.09190371991247265
GaussianMixture,0.9,0.99,0.75,0.1731467081389321
GaussianMixture,0.9,0.99,0.99,0.007556675062972292
GaussianMixture,0.9,0.99,0.999,0.0
GaussianMixture,0.9,0.999,0.0,0.12486064659977704
GaussianMixture,0.9,0.999,0.25,0.13008130081300812
GaussianMixture,0.9,0.999,0.5,0.2690941385435169
GaussianMixture,0.9,0.999,0.75,0.15979112271540472
GaussianMixture,0.9,0.999,0.99,0.0
GaussianMixture,0.9,0.999,0.999,0.0
IsolationForest,0.5,0.0,0.0,0.32833540254034954
IsolationForest,0.5,0.0,0.25,0.34147743604484043
IsolationForest,0.5,0.0,0.5,0.33043998802753666
IsolationForest,0.5,0.0,0.75,0.32977556109725686
IsolationForest,0.5,0.0,0.99,0.32974266906044286
IsolationForest,0.5,0.0,0.999,0.3323827318320386
IsolationForest,0.5,0.25,0.0,0.35025681548794946
IsolationForest,0.5,0.25,0.25,0.3256214149139579
IsolationForest,0.5,0.25,0.5,0.3346
IsolationForest,0.5,0.25,0.75,0.31635184125166954
IsolationForest,0.5,0.25,0.99,0.2976955790722975
IsolationForest,0.5,0.25,0.999,0.3145282076884673
IsolationForest,0.5,0.5,0.0,0.3276893440129778
IsolationForest,0.5,0.5,0.25,0.3390609390609391
IsolationForest,0.5,0.5,0.5,0.3279042386185243
IsolationForest,0.5,0.5,0.75,0.33692946058091283
IsolationForest,0.5,0.5,0.99,0.34688346883468835
IsolationForest,0.5,0.5,0.999,0.33150274588117823
IsolationForest,0.5,0.75,0.0,0.33336526487211415
IsolationForest,0.5,0.75,0.25,0.3332372441625828
IsolationForest,0.5,0.75,0.5,0.33143418467583496
IsolationForest,0.5,0.75,0.75,0.33283656234475906
IsolationForest,0.5,0.75,0.99,0.33812375249501003
IsolationForest,0.5,0.75,0.999,0.33217070168239643
IsolationForest,0.5,0.99,0.0,0.3074718134913052
IsolationForest,0.5,0.99,0.25,0.3039135752140237
IsolationForest,0.5,0.99,0.5,0.34088200238379024
IsolationForest,0.5,0.99,0.75,0.31391553753337953
IsolationForest,0.5,0.99,0.99,0.3304754481683554
IsolationForest,0.5,0.99,0.999,0.34687653713723565
IsolationForest,0.5,0.999,0.0,0.32450832072617253
IsolationForest,0.5,0.999,0.25,0.3370419516178422
IsolationForest,0.5,0.999,0.5,0.3324584426946632
IsolationForest,0.5,0.999,0.75,0.3298686016866052
IsolationForest,0.5,0.999,0.99,0.338989700833742
IsolationForest,0.5,0.999,0.999,0.3236271252687121
IsolationForest,0.75,0.0,0.0,0.3220716164272709
IsolationForest,0.75,0.0,0.25,0.3441767068273092
IsolationForest,0.75,0.0,0.5,0.3341130604288499
IsolationForest,0.75,0.0,0.75,0.34364820846905536
IsolationForest,0.75,0.0,0.99,0.32491389207807114
IsolationForest,0.75,0.0,0.999,0.3379737045630317
IsolationForest,0.75,0.25,0.0,0.3204104903078677
IsolationForest,0.75,0.25,0.25,0.31601731601731603
IsolationForest,0.75,0.25,0.5,0.3118735543562066
IsolationForest,0.75,0.25,0.75,0.3341841743569605
IsolationForest,0.75,0.25,0.99,0.32439944411355964
IsolationForest,0.75,0.25,0.999,0.32822502424830263
IsolationForest,0.75,0.5,0.0,0.3355461677730839
IsolationForest,0.75,0.5,0.25,0.3239522170479854
IsolationForest,0.75,0.5,0.5,0.33785699817703063
IsolationForest,0.75,0.5,0.75,0.32854541776249246
IsolationForest,0.75,0.5,0.99,0.31376477659787616
IsolationForest,0.75,0.5,0.999,0.3255079897415664
IsolationForest,0.75,0.75,0.0,0.32164208848146675
IsolationForest,0.75,0.75,0.25,0.3252964426877471
IsolationForest,0.75,0.75,0.5,0.30441025641025643
IsolationForest,0.75,0.75,0.75,0.3291986611537704
IsolationForest,0.75,0.75,0.99,0.32675611681136546
IsolationForest,0.75,0.75,0.999,0.3287617554858934
IsolationForest,0.75,0.99,0.0,0.32400704363138333
IsolationForest,0.75,0.99,0.25,0.3444272445820433
IsolationForest,0.75,0.99,0.5,0.3387031816351188
IsolationForest,0.75,0.99,0.75,0.3328785811732606
IsolationForest,0.75,0.99,0.99,0.3164757013038325
IsolationForest,0.75,0.99,0.999,0.33046202036021927
IsolationForest,0.75,0.999,0.0,0.3351158645276292
IsolationForest,0.75,0.999,0.25,0.3335245744884299
IsolationForest,0.75,0.999,0.5,0.3215807826423867
IsolationForest,0.75,0.999,0.75,0.3194471865745311
IsolationForest,0.75,0.999,0.99,0.34309623430962344
IsolationForest,0.75,0.999,0.999,0.33293838862559244
IsolationForest,0.9,0.0,0.0,0.29707112970711297
IsolationForest,0.9,0.0,0.25,0.3275488069414317
IsolationForest,0.9,0.0,0.5,0.2912820512820513
IsolationForest,0.9,0.0,0.75,0.3080168776371308
IsolationForest,0.9,0.0,0.99,0.30374551051821447
IsolationForest,0.9,0.0,0.999,0.3151771549444738
IsolationForest,0.9,0.25,0.0,0.28776241679467485
IsolationForest,0.9,0.25,0.25,0.28689798032107716
IsolationForest,0.9,0.25,0.5,0.27991675338189387
IsolationForest,0.9,0.25,0.75,0.297079556898288
IsolationForest,0.9,0.25,0.99,0.3310562270099842
IsolationForest,0.9,0.25,0.999,0.30784508440913605
IsolationForest,0.9,0.5,0.0,0.29984383133784487
IsolationForest,0.9,0.5,0.25,0.3023376623376623
IsolationForest,0.9,0.5,0.5,0.29057187017001546
IsolationForest,0.9,0.5,0.75,0.2923154193872426
IsolationForest,0.9,0.5,0.99,0.3147953830010493
IsolationForest,0.9,0.5,0.999,0.3059177532597794
IsolationForest,0.9,0.75,0.0,0.3184183142559834
IsolationForest,0.9,0.75,0.25,0.2944472745797249
IsolationForest,0.9,0.75,0.5,0.2930255895634722
IsolationForest,0.9,0.75,0.75,0.296787353391127
IsolationForest,0.9,0.75,0.99,0.30697674418604654
IsolationForest,0.9,0.75,0.999,0.2848329048843188
IsolationForest,0.9,0.99,0.0,0.29243865798698043
IsolationForest,0.9,0.99,0.25,0.29030637870416875
IsolationForest,0.9,0.99,0.5,0.30404040404040406
IsolationForest,0.9,0.99,0.75,0.29942013705851345
IsolationForest,0.9,0.99,0.99,0.3006344558321132
IsolationForest,0.9,0.99,0.999,0.30662393162393153
IsolationForest,0.9,0.999,0.0,0.28919330289193307
IsolationForest,0.9,0.999,0.25,0.3055555555555555
IsolationForest,0.9,0.999,0.5,0.3046953046953047
IsolationForest,0.9,0.999,0.75,0.3029066802651708
IsolationForest,0.9,0.999,0.99,0.31750893312914746
IsolationForest,0.9,0.999,0.999,0.2814221331997997
KMeans,0.5,0.0,0.0,0.12254954472415638
KMeans,0.5,0.0,0.25,0.10766800340260055
KMeans,0.5,0.0,0.5,0.0846575727745746
KMeans,0.5,0.0,0.75,0.04719665271966527
KMeans,0.5,0.0,0.99,0.008957976551179029
KMeans,0.5,0.0,0.999,0.0007974481658692185
KMeans,0.5,0.25,0.0,0.44891031298798284
KMeans,0.5,0.25,0.25,0.10559610705596106
KMeans,0.5,0.25,0.5,0.2973750449478605
KMeans,0.5,0.25,0.75,0.04457851516675046
KMeans,0.5,0.25,0.99,0.007908264136022143
KMeans,0.5,0.25,0.999,0.00041135335252982314
KMeans,0.5,0.5,0.0,0.4498575111955489
KMeans,0.5,0.5,0.25,0.110881960451292
KMeans,0.5,0.5,0.5,0.08330987897551365
KMeans,0.5,0.5,0.75,0.053386720053386724
KMeans,0.5,0.5,0.99,0.002447481133999592
KMeans,0.5,0.5,0.999,0.0
KMeans,0.5,0.75,0.0,0.1205361930294906
KMeans,0.5,0.75,0.25,0.10582654178323805
KMeans,0.5,0.75,0.5,0.29813999460868
KMeans,0.5,0.75,0.75,0.054036024016010674
KMeans,0.5,0.75,0.99,0.0012244897959183673
KMeans,0.5,0.75,0.999,0.0
KMeans,0.5,0.99,0.0,0.44859432296618224
KMeans,0.5,0.99,0.25,0.10720797374498602
KMeans,0.5,0.99,0.5,0.08384918401800787
KMeans,0.5,0.99,0.75,0.05306190555648256
KMeans,0.5,0.99,0.99,0.0016323199347072026
KMeans,0.5,0.99,0.999,0.00041135335252982314
KMeans,0.5,0.999,0.0,0.4458503401360544
KMeans,0.5,0.999,0.25,0.3878385677907246
KMeans,0.5,0.999,0.5,0.080338266384778
KMeans,0.5,0.999,0.75,0.17783975115306233
KMeans,0.5,0.999,0.99,0.008695652173913045
KMeans,0.5,0.999,0.999,0.0
KMeans,0.75,0.0,0.0,0.43932827735644636
KMeans,0.75,0.0,0.25,0.10750557344562794
KMeans,0.75,0.0,0.5,0.2929777777777778
KMeans,0.75,0.0,0.75,0.06300813008130081
KMeans,0.75,0.0,0.99,0.0024989587671803413
KMeans,0.75,0.0,0.999,0.0
KMeans,0.75,0.25,0.0,0.4435440302539168
KMeans,0.75,0.25,0.25,0.11915312653865093
KMeans,0.75,0.25,0.5,0.08376362593230063
KMeans,0.75,0.25,0.75,0.1710414902624894
KMeans,0.75,0.25,0.99,0.007743933918430563
KMeans,0.75,0.25,0.999,0.0
KMeans,0.75,0.5,0.0,0.441228188827269
KMeans,0.75,0.5,0.25,0.37657546879803255
KMeans,0.75,0.5,0.5,0.29237062066512537
KMeans,0.75,0.5,0.75,0.047797883236599524
KMeans,0.75,0.5,0.99,0.004161464835622139
KMeans,0.75,0.5,0.999,0.0
KMeans,0.75,0.75,0.0,0.11772428884026259
KMeans,0.75,0.75,0.25,0.38179868239620046
KMeans,0.75,0.75,0.5,0.09197372179377321
KMeans,0.75,0.75,0.75,0.05178875638841567
KMeans,0.75,0.75,0.99,0.0024989587671803413
KMeans,0.75,0.75,0.999,0.0
KMeans,0.75,0.99,0.0,0.12306349552694741
KMeans,0.75,0.99,0.25,0.37906691221608346
KMeans,0.75,0.99,0.5,0.07381776239907728
KMeans,0.75,0.99,0.75,0.0471311475409836
KMeans,0.75,0.99,0.99,0.0008336807002917884
KMeans,0.75,0.99,0.999,0.0005205622071837586
KMeans,0.75,0.999,0.0,0.12347294938917977
KMeans,0.75,0.999,0.25,0.37807125307125306
KMeans,0.75,0.999,0.5,0.0810112036771043
KMeans,0.75,0.999,0.75,0.06366407043684388
KMeans,0.75,0.999,0.99,0.0016666666666666668
KMeans,0.75,0.999,0.999,0.0
KMeans,0.9,0.0,0.0,0.43410852713178294
KMeans,0.9,0.0,0.25,0.36572302983932664
KMeans,0.9,0.0,0.5,0.07647058823529412
KMeans,0.9,0.0,0.75,0.16171100678142933
KMeans,0.9,0.0,0.99,0.0042417815482502655
KMeans,0.9,0.0,0.999,0.0
KMeans,0.9,0.25,0.0,0.13111111111111112
KMeans,0.9,0.25,0.25,0.3700877527661198
KMeans,0.9,0.25,0.5,0.07788390889052169
KMeans,0.9,0.25,0.75,0.03849518810148731
KMeans,0.9,0.25,0.99,0.006355932203389831
KMeans,0.9,0.25,0.999,0.0
KMeans,0.9,0.5,0.0,0.12067039106145251
KMeans,0.9,0.5,0.25,0.36946564885496186
KMeans,0.9,0.5,0.5,0.06365655070318282
KMeans,0.9,0.5,0.75,0.1712506486766995
KMeans,0.9,0.5,0.99,0.0
KMeans,0.9,0.5,0.999,0.0
KMeans,0.9,0.75,0.0,0.43779421654337586
KMeans,0.9,0.75,0.25,0.09796437659033079
KMeans,0.9,0.75,0.5,0.2782685512367491
KMeans,0.9,0.75,0.75,0.1655387818844352
KMeans,0.9,0.75,0.99,0.007556675062972292
KMeans,0.9,0.75,0.999,0.0
KMeans,0.9,0.99,0.0,0.11646136618141097
KMeans,0.9,0.99,0.25,0.37566539923954373
KMeans,0.9,0.99,0.5,0.09190371991247265
KMeans,0.9,0.99,0.75,0.1731467081389321
KMeans,0.9,0.99,0.99,0.007556675062972292
KMeans,0.9,0.99,0.999,0.0
KMeans,0.9,0.999,0.0,0.4298749577559987
KMeans,0.9,0.999,0.25,0.35248746625530275
KMeans,0.9,0.999,0.5,0.2690941385435169
KMeans,0.9,0.999,0.75,0.15979112271540472
KMeans,0.9,0.999,0.99,0.0
KMeans,0.9,0.999,0.999,0.0
LocalOutlierFactor,0.5,0.0,0.0,0.0030045067601402104
LocalOutlierFactor,0.5,0.0,0.25,0.0030045067601402104
LocalOutlierFactor,0.5,0.0,0.5,0.0030045067601402104
LocalOutlierFactor,0.5,0.0,0.75,0.0030045067601402104
LocalOutlierFactor,0.5,0.0,0.99,0.0030045067601402104
LocalOutlierFactor,0.5,0.0,0.999,0.0030045067601402104
LocalOutlierFactor,0.5,0.25,0.0,0.0030045067601402104
LocalOutlierFactor,0.5,0.25,0.25,0.0030045067601402104
LocalOutlierFactor,0.5,0.25,0.5,0.0030045067601402104
LocalOutlierFactor,0.5,0.25,0.75,0.0030045067601402104
LocalOutlierFactor,0.5,0.25,0.99,0.0030045067601402104
LocalOutlierFactor,0.5,0.25,0.999,0.0030045067601402104
LocalOutlierFactor,0.5,0.5,0.0,0.0030045067601402104
LocalOutlierFactor,0.5,0.5,0.25,0.0030045067601402104
LocalOutlierFactor,0.5,0.5,0.5,0.0030045067601402104
LocalOutlierFactor,0.5,0.5,0.75,0.0030045067601402104
LocalOutlierFactor,0.5,0.5,0.99,0.0030045067601402104
LocalOutlierFactor,0.5,0.5,0.999,0.0030045067601402104
LocalOutlierFactor,0.5,0.75,0.0,0.0030045067601402104
LocalOutlierFactor,0.5,0.75,0.25,0.0030045067601402104
LocalOutlierFactor,0.5,0.75,0.5,0.0030045067601402104
LocalOutlierFactor,0.5,0.75,0.75,0.0030045067601402104
LocalOutlierFactor,0.5,0.75,0.99,0.0030045067601402104
LocalOutlierFactor,0.5,0.75,0.999,0.0030045067601402104
LocalOutlierFactor,0.5,0.99,0.0,0.0030045067601402104
LocalOutlierFactor,0.5,0.99,0.25,0.0030045067601402104
LocalOutlierFactor,0.5,0.99,0.5,0.0030045067601402104
LocalOutlierFactor,0.5,0.99,0.75,0.0030045067601402104
LocalOutlierFactor,0.5,0.99,0.99,0.0030045067601402104
LocalOutlierFactor,0.5,0.99,0.999,0.0030045067601402104
LocalOutlierFactor,0.5,0.999,0.0,0.0030045067601402104
LocalOutlierFactor,0.5,0.999,0.25,0.0030045067601402104
LocalOutlierFactor,0.5,0.999,0.5,0.0030045067601402104
LocalOutlierFactor,0.5,0.999,0.75,0.0030045067601402104
LocalOutlierFactor,0.5,0.999,0.99,0.0030045067601402104
LocalOutlierFactor,0.5,0.999,0.999,0.0030045067601402104
LocalOutlierFactor,0.75,0.0,0.0,0.005042864346949067
LocalOutlierFactor,0.75,0.0,0.25,0.005042864346949067
LocalOutlierFactor,0.75,0.0,0.5,0.005042864346949067
LocalOutlierFactor,0.75,0.0,0.75,0.005042864346949067
LocalOutlierFactor,0.75,0.0,0.99,0.005042864346949067
LocalOutlierFactor,0.75,0.0,0.999,0.005042864346949067
LocalOutlierFactor,0.75,0.25,0.0,0.005042864346949067
LocalOutlierFactor,0.75,0.25,0.25,0.005042864346949067
LocalOutlierFactor,0.75,0.25,0.5,0.005042864346949067
LocalOutlierFactor,0.75,0.25,0.75,0.005042864346949067
LocalOutlierFactor,0.75,0.25,0.99,0.005042864346949067
LocalOutlierFactor,0.75,0.25,0.999,0.005042864346949067
LocalOutlierFactor,0.75,0.5,0.0,0.005042864346949067
LocalOutlierFactor,0.75,0.5,0.25,0.005042864346949067
LocalOutlierFactor,0.75,0.5,0.5,0.005042864346949067
LocalOutlierFactor,0.75,0.5,0.75,0.005042864346949067
LocalOutlierFactor,0.75,0.5,0.99,0.005042864346949067
LocalOutlierFactor,0.75,0.5,0.999,0.005042864346949067
LocalOutlierFactor,0.75,0.75,0.0,0.005042864346949067
LocalOutlierFactor,0.75,0.75,0.25,0.005042864346949067
LocalOutlierFactor,0.75,0.75,0.5,0.005042864346949067
LocalOutlierFactor,0.75,0.75,0.75,0.005042864346949067
LocalOutlierFactor,0.75,0.75,0.99,0.005042864346949067
LocalOutlierFactor,0.75,0.75,0.999,0.005042864346949067
LocalOutlierFactor,0.75,0.99,0.0,0.005042864346949067
LocalOutlierFactor,0.75,0.99,0.25,0.005042864346949067
LocalOutlierFactor,0.75,0.99,0.5,0.005042864346949067
LocalOutlierFactor,0.75,0.99,0.75,0.005042864346949067
LocalOutlierFactor,0.75,0.99,0.99,0.005042864346949067
LocalOutlierFactor,0.75,0.99,0.999,0.005042864346949067
LocalOutlierFactor,0.75,0.999,0.0,0.005042864346949067
LocalOutlierFactor,0.75,0.999,0.25,0.005042864346949067
LocalOutlierFactor,0.75,0.999,0.5,0.005042864346949067
LocalOutlierFactor,0.75,0.999,0.75,0.005042864346949067
LocalOutlierFactor,0.75,0.999,0.99,0.005042864346949067
LocalOutlierFactor,0.75,0.999,0.999,0.005042864346949067
LocalOutlierFactor,0.9,0.0,0.0,0.007843137254901962
LocalOutlierFactor,0.9,0.0,0.25,0.007843137254901962
LocalOutlierFactor,0.9,0.0,0.5,0.007843137254901962
LocalOutlierFactor,0.9,0.0,0.75,0.007843137254901962
LocalOutlierFactor,0.9,0.0,0.99,0.007843137254901962
LocalOutlierFactor,0.9,0.0,0.999,0.007843137254901962
LocalOutlierFactor,0.9,0.25,0.0,0.007843137254901962
LocalOutlierFactor,0.9,0.25,0.25,0.007843137254901962
LocalOutlierFactor,0.9,0.25,0.5,0.007843137254901962
LocalOutlierFactor,0.9,0.25,0.75,0.007843137254901962
LocalOutlierFactor,0.9,0.25,0.99,0.007843137254901962
LocalOutlierFactor,0.9,0.25,0.999,0.007843137254901962
LocalOutlierFactor,0.9,0.5,0.0,0.007843137254901962
LocalOutlierFactor,0.9,0.5,0.25,0.007843137254901962
LocalOutlierFactor,0.9,0.5,0.5,0.007843137254901962
LocalOutlierFactor,0.9,0.5,0.75,0.007843137254901962
LocalOutlierFactor,0.9,0.5,0.99,0.007843137254901962
LocalOutlierFactor,0.9,0.5,0.999,0.007843137254901962
LocalOutlierFactor,0.9,0.75,0.0,0.007843137254901962
LocalOutlierFactor,0.9,0.75,0.25,0.007843137254901962
LocalOutlierFactor,0.9,0.75,0.5,0.007843137254901962
LocalOutlierFactor,0.9,0.75,0.75,0.007843137254901962
LocalOutlierFactor,0.9,0.75,0.99,0.007843137254901962
LocalOutlierFactor,0.9,0.75,0.999,0.007843137254901962
LocalOutlierFactor,0.9,0.99,0.0,0.007843137254901962
LocalOutlierFactor,0.9,0.99,0.25,0.007843137254901962
LocalOutlierFactor,0.9,0.99,0.5,0.007843137254901962
LocalOutlierFactor,0.9,0.99,0.75,0.007843137254901962
LocalOutlierFactor,0.9,0.99,0.99,0.007843137254901962
LocalOutlierFactor,0.9,0.99,0.999,0.007843137254901962
LocalOutlierFactor,0.9,0.999,0.0,0.007843137254901962
LocalOutlierFactor,0.9,0.999,0.25,0.007843137254901962
LocalOutlierFactor,0.9,0.999,0.5,0.007843137254901962
LocalOutlierFactor,0.9,0.999,0.75,0.007843137254901962
LocalOutlierFactor,0.9,0.999,0.99,0.007843137254901962
LocalOutlierFactor,0.9,0.999,0.999,0.007843137254901962
random_anomaly_perc,0.5,0.0,0.0,0.2441374065154012
random_anomaly_perc,0.5,0.0,0.25,0.2409153778448384
random_anomaly_perc,0.5,0.0,0.5,0.243680485338726
random_anomaly_perc,0.5,0.0,0.75,0.2340862422997947
random_anomaly_perc,0.5,0.0,0.99,0.24827937802702016
random_anomaly_perc,0.5,0.0,0.999,0.241112828438949
random_anomaly_perc,0.5,0.25,0.0,0.2420660413722215
random_anomaly_perc,0.5,0.25,0.25,0.24046242774566473
random_anomaly_perc,0.5,0.25,0.5,0.24338085539714865
random_anomaly_perc,0.5,0.25,0.75,0.2284990500316656
random_anomaly_perc,0.5,0.25,0.99,0.23942778265779896
random_anomaly_perc,0.5,0.25,0.999,0.23466120148584602
random_anomaly_perc,0.5,0.5,0.0,0.22997316979685703
random_anomaly_perc,0.5,0.5,0.25,0.23250448602922327
random_anomaly_perc,0.5,0.5,0.5,0.2488922648436511
random_anomaly_perc,0.5,0.5,0.75,0.2423316787577956
random_anomaly_perc,0.5,0.5,0.99,0.24551654458196515
random_anomaly_perc,0.5,0.5,0.999,0.24584382871536525
random_anomaly_perc,0.5,0.75,0.0,0.23827082008900188
random_anomaly_perc,0.5,0.75,0.25,0.2381134480560867
random_anomaly_perc,0.5,0.75,0.5,0.2309677419354839
random_anomaly_perc,0.5,0.75,0.75,0.24789594491201225
random_anomaly_perc,0.5,0.75,0.99,0.2545317220543807
random_anomaly_perc,0.5,0.75,0.999,0.24538627975054092
random_anomaly_perc,0.5,0.99,0.0,0.25480463281150567
random_anomaly_perc,0.5,0.99,0.25,0.2361699396739828
random_anomaly_perc,0.5,0.99,0.5,0.24127388535031846
random_anomaly_perc,0.5,0.99,0.75,0.2484709480122324
random_anomaly_perc,0.5,0.99,0.99,0.2338124920493576
random_anomaly_perc,0.5,0.99,0.999,0.24320861096873395
random_anomaly_perc,0.5,0.999,0.0,0.2346886258363356
random_anomaly_perc,0.5,0.999,0.25,0.2404274265360641
random_anomaly_perc,0.5,0.999,0.5,0.23344498840505026
random_anomaly_perc,0.5,0.999,0.75,0.24261630117885663
random_anomaly_perc,0.5,0.999,0.99,0.2465578786333503
random_anomaly_perc,0.5,0.999,0.999,0.23144493952896247
random_anomaly_perc,0.75,0.0,0.0,0.2299084435401831
random_anomaly_perc,0.75,0.0,0.25,0.22712294043092524
random_anomaly_perc,0.75,0.0,0.5,0.2380952380952381
random_anomaly_perc,0.75,0.0,0.75,0.24793801549612596
random_anomaly_perc,0.75,0.0,0.99,0.23547557840616967
random_anomaly_perc,0.75,0.0,0.999,0.24492862509391433
random_anomaly_perc,0.75,0.25,0.0,0.24110970996216896
random_anomaly_perc,0.75,0.25,0.25,0.24046771733604475
random_anomaly_perc,0.75,0.25,0.5,0.2388888888888889
random_anomaly_perc,0.75,0.25,0.75,0.24788029925187033
random_anomaly_perc,0.75,0.25,0.99,0.24026137220407134
random_anomaly_perc,0.75,0.25,0.999,0.23780487804878048
random_anomaly_perc,0.75,0.5,0.0,0.24203821656050953
random_anomaly_perc,0.75,0.5,0.25,0.25650088361524864
random_anomaly_perc,0.75,0.5,0.5,0.24711019779090673
random_anomaly_perc,0.75,0.5,0.75,0.22980251346499103
random_anomaly_perc,0.75,0.5,0.99,0.23701799485861183
random_anomaly_perc,0.75,0.5,0.999,0.251988709263536
random_anomaly_perc,0.75,0.75,0.0,0.24169028600876064
random_anomaly_perc,0.75,0.75,0.25,0.245605223505776
random_anomaly_perc,0.75,0.75,0.5,0.24276568501920617
random_anomaly_perc,0.75,0.75,0.75,0.26455026455026454
random_anomaly_perc,0.75,0.75,0.99,0.22216611966675084
random_anomaly_perc,0.75,0.75,0.999,0.24033906756419846
random_anomaly_perc,0.75,0.99,0.0,0.24571140262361252
random_anomaly_perc,0.75,0.99,0.25,0.23971559167089893
random_anomaly_perc,0.75,0.99,0.5,0.2395754359363154
random_anomaly_perc,0.75,0.99,0.75,0.24835609509357615
random_anomaly_perc,0.75,0.99,0.99,0.23971377459749552
random_anomaly_perc,0.75,0.99,0.999,0.23285244241964062
random_anomaly_perc,0.75,0.999,0.0,0.24772036474164133
random_anomaly_perc,0.75,0.999,0.25,0.24658227848101266
random_anomaly_perc,0.75,0.999,0.5,0.2427011931962427
random_anomaly_perc,0.75,0.999,0.75,0.2565140399696433
random_anomaly_perc,0.75,0.999,0.99,0.25031733942625034
random_anomaly_perc,0.75,0.999,0.999,0.25018615040953096
random_anomaly_perc,0.9,0.0,0.0,0.24697644812221517
random_anomaly_perc,0.9,0.0,0.25,0.2554002541296061
random_anomaly_perc,0.9,0.0,0.5,0.23581336696090796
random_anomaly_perc,0.9,0.0,0.75,0.22692307692307692
random_anomaly_perc,0.9,0.0,0.99,0.2509505703422053
random_anomaly_perc,0.9,0.0,0.999,0.23878711307643713
random_anomaly_perc,0.9,0.25,0.0,0.27301189730745146
random_anomaly_perc,0.9,0.25,0.25,0.22747603833865815
random_anomaly_perc,0.9,0.25,0.5,0.23821656050955414
random_anomaly_perc,0.9,0.25,0.75,0.25647504737839544
random_anomaly_perc,0.9,0.25,0.99,0.23588456712672523
random_anomaly_perc,0.9,0.25,0.999,0.2526984126984127
random_anomaly_perc,0.9,0.5,0.0,0.22309197651663404
random_anomaly_perc,0.9,0.5,0.25,0.23022508038585207
random_anomaly_perc,0.9,0.5,0.5,0.2487437185929648
random_anomaly_perc,0.9,0.5,0.75,0.24812030075187969
random_anomaly_perc,0.9,0.5,0.99,0.23244251087632073
random_anomaly_perc,0.9,0.5,0.999,0.22946544980443284
random_anomaly_perc,0.9,0.75,0.0,0.2575376884422111
random_anomaly_perc,0.9,0.75,0.25,0.22631578947368425
random_anomaly_perc,0.9,0.75,0.5,0.24631173829377806
random_anomaly_perc,0.9,0.75,0.75,0.2422279792746114
random_anomaly_perc,0.9,0.75,0.99,0.21423989737010904
random_anomaly_perc,0.9,0.75,0.999,0.23348300192431046
random_anomaly_perc,0.9,0.99,0.0,0.24922504649721017
random_anomaly_perc,0.9,0.99,0.25,0.25265791119449654
random_anomaly_perc,0.9,0.99,0.5,0.22613065326633164
random_anomaly_perc,0.9,0.99,0.75,0.24742268041237112
random_anomaly_perc,0.9,0.99,0.99,0.2404092071611253
random_anomaly_perc,0.9,0.99,0.999,0.260545905707196
random_anomaly_perc,0.9,0.999,0.0,0.24952015355086374
random_anomaly_perc,0.9,0.999,0.25,0.23153942428035046
random_anomaly_perc,0.9,0.999,0.5,0.2317541613316261
random_anomaly_perc,0.9,0.999,0.75,0.2431011826544021
random_anomaly_perc,0.9,0.999,0.99,0.2752880921895006
random_anomaly_perc,0.9,0.999,0.999,0.2361290322580645
random_half_half,0.5,0.0,0.0,0.31978049388875035
random_half_half,0.5,0.0,0.25,0.32167014613778705
random_half_half,0.5,0.0,0.5,0.3207296849087894
random_half_half,0.5,0.0,0.75,0.3164114513981358
random_half_half,0.5,0.0,0.99,0.322102986440396
random_half_half,0.5,0.0,0.999,0.32019375313178555
random_half_half,0.5,0.25,0.0,0.31843947982660886
random_half_half,0.5,0.25,0.25,0.33211314475873543
random_half_half,0.5,0.25,0.5,0.32164570667110853
random_half_half,0.5,0.25,0.75,0.3272666832876257
random_half_half,0.5,0.25,0.99,0.32412584494700825
random_half_half,0.5,0.25,0.999,0.32484182484182483
random_half_half,0.5,0.5,0.0,0.32594675045477095
random_half_half,0.5,0.5,0.25,0.3278688524590164
random_half_half,0.5,0.5,0.5,0.31958762886597936
random_half_half,0.5,0.5,0.75,0.32475479922877026
random_half_half,0.5,0.5,0.99,0.32086992890004185
random_half_half,0.5,0.5,0.999,0.3157718682053855
random_half_half,0.5,0.75,0.0,0.32256448785374403
random_half_half,0.5,0.75,0.25,0.3266605243320211
random_half_half,0.5,0.75,0.5,0.32145514675485737
random_half_half,0.5,0.75,0.75,0.32694231410470154
random_half_half,0.5,0.75,0.99,0.32490675507666805
random_half_half,0.5,0.75,0.999,0.3247721623860812
random_half_half,0.5,0.99,0.0,0.3224415325924697
random_half_half,0.5,0.99,0.25,0.3285832642916321
random_half_half,0.5,0.99,0.5,0.32107638308540865
random_half_half,0.5,0.99,0.75,0.318321818030467
random_half_half,0.5,0.99,0.99,0.3229372937293729
random_half_half,0.5,0.99,0.999,0.3191382765531062
random_half_half,0.5,0.999,0.0,0.3183889947791497
random_half_half,0.5,0.999,0.25,0.331225229783287
random_half_half,0.5,0.999,0.5,0.32511173646747227
random_half_half,0.5,0.999,0.75,0.3292008711676998
random_half_half,0.5,0.999,0.99,0.3272153475624948
random_half_half,0.5,0.999,0.999,0.3289539331448528
random_half_half,0.75,0.0,0.0,0.3204620462046205
random_half_half,0.75,0.0,0.25,0.3345370978332239
random_half_half,0.75,0.0,0.5,0.3183619550858653
random_half_half,0.75,0.0,0.75,0.3269936603269937
random_half_half,0.75,0.0,0.99,0.3312903760145768
random_half_half,0.75,0.0,0.999,0.3246817655810878
random_half_half,0.75,0.25,0.0,0.3302752293577982
random_half_half,0.75,0.25,0.25,0.3216597510373444
random_half_half,0.75,0.25,0.5,0.32359253755984807
random_half_half,0.75,0.25,0.75,0.32519515030725793
random_half_half,0.75,0.25,0.99,0.3259112650503051
random_half_half,0.75,0.25,0.999,0.3215488215488216
random_half_half,0.75,0.5,0.0,0.3292825037456301
random_half_half,0.75,0.5,0.25,0.3253682487725041
random_half_half,0.75,0.5,0.5,0.3134953897736798
random_half_half,0.75,0.5,0.75,0.3254882323485228
random_half_half,0.75,0.5,0.99,0.3199867637326274
random_half_half,0.75,0.5,0.999,0.3236651285431773
random_half_half,0.75,0.75,0.0,0.32785786121354343
random_half_half,0.75,0.75,0.25,0.32647010377203095
random_half_half,0.75,0.75,0.5,0.32411852342327435
random_half_half,0.75,0.75,0.75,0.33654316957728087
random_half_half,0.75,0.75,0.99,0.32847682119205296
random_half_half,0.75,0.75,0.999,0.3130724396336386
random_half_half,0.75,0.99,0.0,0.33553500660501984
random_half_half,0.75,0.99,0.25,0.3191311612364244
random_half_half,0.75,0.99,0.5,0.32625290408231
random_half_half,0.75,0.99,0.75,0.3311107497154009
random_half_half,0.75,0.99,0.99,0.32870829203832175
random_half_half,0.75,0.99,0.999,0.3341184387617766
random_half_half,0.75,0.999,0.0,0.3354838709677419
random_half_half,0.75,0.999,0.25,0.32865262454028754
random_half_half,0.75,0.999,0.5,0.32689747003994674
random_half_half,0.75,0.999,0.75,0.32242063492063494
random_half_half,0.75,0.999,0.99,0.3231151615575808
random_half_half,0.75,0.999,0.999,0.33656417112299464
random_half_half,0.9,0.0,0.0,0.3298538622129436
random_half_half,0.9,0.0,0.25,0.317864476386037
random_half_half,0.9,0.0,0.5,0.327909887359199
random_half_half,0.9,0.0,0.75,0.32362728785357736
random_half_half,0.9,0.0,0.99,0.3253159396657154
random_half_half,0.9,0.0,0.999,0.3163981825691863
random_half_half,0.9,0.25,0.0,0.32974316487158245
random_half_half,0.9,0.25,0.25,0.32745591939546603
random_half_half,0.9,0.25,0.5,0.3248278655326043
random_half_half,0.9,0.25,0.75,0.33808553971486766
random_half_half,0.9,0.25,0.99,0.34616977225672874
random_half_half,0.9,0.25,0.999,0.30917874396135264
random_half_half,0.9,0.5,0.0,0.32477913336137987
random_half_half,0.9,0.5,0.25,0.3001240181893344
random_half_half,0.9,0.5,0.5,0.3344398340248963
random_half_half,0.9,0.5,0.75,0.31773399014778325
random_half_half,0.9,0.5,0.99,0.3282221301284708
random_half_half,0.9,0.5,0.999,0.33087027914614126
random_half_half,0.9,0.75,0.0,0.32978723404255317
random_half_half,0.9,0.75,0.25,0.3475409836065574
random_half_half,0.9,0.75,0.5,0.34556701030927833
random_half_half,0.9,0.75,0.75,0.33444816053511706
random_half_half,0.9,0.75,0.99,0.3217135657286854
random_half_half,0.9,0.75,0.999,0.315136476426799
random_half_half,0.9,0.99,0.0,0.3330564784053156
random_half_half,0.9,0.99,0.25,0.32906159570070276
random_half_half,0.9,0.99,0.5,0.33443435177539227
random_half_half,0.9,0.99,0.75,0.33990767939571975
random_half_half,0.9,0.99,0.99,0.3315240083507307
random_half_half,0.9,0.99,0.999,0.3092436974789916
random_half_half,0.9,0.999,0.0,0.3276789408357468
random_half_half,0.9,0.999,0.25,0.32166666666666666
random_half_half,0.9,0.999,0.5,0.3396537510305029
random_half_half,0.9,0.999,0.75,0.3348566680515164
random_half_half,0.9,0.999,0.99,0.33917129431866727
random_half_half,0.9,0.999,0.999,0.33250414593698174
random_ones,0.5,0.0,0.0,0.3907284768211921
random_ones,0.5,0.0,0.25,0.3907284768211921
random_ones,0.5,0.0,0.5,0.3907284768211921
random_ones,0.5,0.0,0.75,0.3907284768211921
random_ones,0.5,0.0,0.99,0.3907284768211921
random_ones,0.5,0.0,0.999,0.3907284768211921
random_ones,0.5,0.25,0.0,0.3907284768211921
random_ones,0.5,0.25,0.25,0.3907284768211921
random_ones,0.5,0.25,0.5,0.3907284768211921
random_ones,0.5,0.25,0.75,0.3907284768211921
random_ones,0.5,0.25,0.99,0.3907284768211921
random_ones,0.5,0.25,0.999,0.3907284768211921
random_ones,0.5,0.5,0.0,0.3907284768211921
random_ones,0.5,0.5,0.25,0.3907284768211921
random_ones,0.5,0.5,0.5,0.3907284768211921
random_ones,0.5,0.5,0.75,0.3907284768211921
random_ones,0.5,0.5,0.99,0.3907284768211921
random_ones,0.5,0.5,0.999,0.3907284768211921
random_ones,0.5,0.75,0.0,0.3907284768211921
random_ones,0.5,0.75,0.25,0.3907284768211921
random_ones,0.5,0.75,0.5,0.3907284768211921
random_ones,0.5,0.75,0.75,0.3907284768211921
random_ones,0.5,0.75,0.99,0.3907284768211921
random_ones,0.5,0.75,0.999,0.3907284768211921
random_ones,0.5,0.99,0.0,0.3907284768211921
random_ones,0.5,0.99,0.25,0.3907284768211921
random_ones,0.5,0.99,0.5,0.3907284768211921
random_ones,0.5,0.99,0.75,0.3907284768211921
random_ones,0.5,0.99,0.99,0.3907284768211921
random_ones,0.5,0.99,0.999,0.3907284768211921
random_ones,0.5,0.999,0.0,0.3907284768211921
random_ones,0.5,0.999,0.25,0.3907284768211921
random_ones,0.5,0.999,0.5,0.3907284768211921
random_ones,0.5,0.999,0.75,0.3907284768211921
random_ones,0.5,0.999,0.99,0.3907284768211921
random_ones,0.5,0.999,0.999,0.3907284768211921
random_ones,0.75,0.0,0.0,0.38584316446911865
random_ones,0.75,0.0,0.25,0.38584316446911865
random_ones,0.75,0.0,0.5,0.38584316446911865
random_ones,0.75,0.0,0.75,0.38584316446911865
random_ones,0.75,0.0,0.99,0.38584316446911865
random_ones,0.75,0.0,0.999,0.38584316446911865
random_ones,0.75,0.25,0.0,0.38584316446911865
random_ones,0.75,0.25,0.25,0.38584316446911865
random_ones,0.75,0.25,0.5,0.38584316446911865
random_ones,0.75,0.25,0.75,0.38584316446911865
random_ones,0.75,0.25,0.99,0.38584316446911865
random_ones,0.75,0.25,0.999,0.38584316446911865
random_ones,0.75,0.5,0.0,0.38584316446911865
random_ones,0.75,0.5,0.25,0.38584316446911865
random_ones,0.75,0.5,0.5,0.38584316446911865
random_ones,0.75,0.5,0.75,0.38584316446911865
random_ones,0.75,0.5,0.99,0.38584316446911865
random_ones,0.75,0.5,0.999,0.38584316446911865
random_ones,0.75,0.75,0.0,0.38584316446911865
random_ones,0.75,0.75,0.25,0.38584316446911865
random_ones,0.75,0.75,0.5,0.38584316446911865
random_ones,0.75,0.75,0.75,0.38584316446911865
random_ones,0.75,0.75,0.99,0.38584316446911865
random_ones,0.75,0.75,0.999,0.38584316446911865
random_ones,0.75,0.99,0.0,0.38584316446911865
random_ones,0.75,0.99,0.25,0.38584316446911865
random_ones,0.75,0.99,0.5,0.38584316446911865
random_ones,0.75,0.99,0.75,0.38584316446911865
random_ones,0.75,0.99,0.99,0.38584316446911865
random_ones,0.75,0.99,0.999,0.38584316446911865
random_ones,0.75,0.999,0.0,0.38584316446911865
random_ones,0.75,0.999,0.25,0.38584316446911865
random_ones,0.75,0.999,0.5,0.38584316446911865
random_ones,0.75,0.999,0.75,0.38584316446911865
random_ones,0.75,0.999,0.99,0.38584316446911865
random_ones,0.75,0.999,0.999,0.38584316446911865
random_ones,0.9,0.0,0.0,0.397539975399754
random_ones,0.9,0.0,0.25,0.397539975399754
random_ones,0.9,0.0,0.5,0.397539975399754
random_ones,0.9,0.0,0.75,0.397539975399754
random_ones,0.9,0.0,0.99,0.397539975399754
random_ones,0.9,0.0,0.999,0.397539975399754
random_ones,0.9,0.25,0.0,0.397539975399754
random_ones,0.9,0.25,0.25,0.397539975399754
random_ones,0.9,0.25,0.5,0.397539975399754
random_ones,0.9,0.25,0.75,0.397539975399754
random_ones,0.9,0.25,0.99,0.397539975399754
random_ones,0.9,0.25,0.999,0.397539975399754
random_ones,0.9,0.5,0.0,0.397539975399754
random_ones,0.9,0.5,0.25,0.397539975399754
random_ones,0.9,0.5,0.5,0.397539975399754
random_ones,0.9,0.5,0.75,0.397539975399754
random_ones,0.9,0.5,0.99,0.397539975399754
random_ones,0.9,0.5,0.999,0.397539975399754
random_ones,0.9,0.75,0.0,0.397539975399754
random_ones,0.9,0.75,0.25,0.397539975399754
random_ones,0.9,0.75,0.5,0.397539975399754
random_ones,0.9,0.75,0.75,0.397539975399754
random_ones,0.9,0.75,0.99,0.397539975399754
random_ones,0.9,0.75,0.999,0.397539975399754
random_ones,0.9,0.99,0.0,0.397539975399754
random_ones,0.9,0.99,0.25,0.397539975399754
random_ones,0.9,0.99,0.5,0.397539975399754
random_ones,0.9,0.99,0.75,0.397539975399754
random_ones,0.9,0.99,0.99,0.397539975399754
random_ones,0.9,0.99,0.999,0.397539975399754
random_ones,0.9,0.999,0.0,0.397539975399754
random_ones,0.9,0.999,0.25,0.397539975399754
random_ones,0.9,0.999,0.5,0.397539975399754
random_ones,0.9,0.999,0.75,0.397539975399754
random_ones,0.9,0.999,0.99,0.397539975399754
random_ones,0.9,0.999,0.999,0.397539975399754
random_zeros,0.5,0.0,0.0,0.0
random_zeros,0.5,0.0,0.25,0.0
random_zeros,0.5,0.0,0.5,0.0
random_zeros,0.5,0.0,0.75,0.0
random_zeros,0.5,0.0,0.99,0.0
random_zeros,0.5,0.0,0.999,0.0
random_zeros,0.5,0.25,0.0,0.0
random_zeros,0.5,0.25,0.25,0.0
random_zeros,0.5,0.25,0.5,0.0
random_zeros,0.5,0.25,0.75,0.0
random_zeros,0.5,0.25,0.99,0.0
random_zeros,0.5,0.25,0.999,0.0
random_zeros,0.5,0.5,0.0,0.0
random_zeros,0.5,0.5,0.25,0.0
random_zeros,0.5,0.5,0.5,0.0
random_zeros,0.5,0.5,0.75,0.0
random_zeros,0.5,0.5,0.99,0.0
random_zeros,0.5,0.5,0.999,0.0
random_zeros,0.5,0.75,0.0,0.0
random_zeros,0.5,0.75,0.25,0.0
random_zeros,0.5,0.75,0.5,0.0
random_zeros,0.5,0.75,0.75,0.0
random_zeros,0.5,0.75,0.99,0.0
random_zeros,0.5,0.75,0.999,0.0
random_zeros,0.5,0.99,0.0,0.0
random_zeros,0.5,0.99,0.25,0.0
random_zeros,0.5,0.99,0.5,0.0
random_zeros,0.5,0.99,0.75,0.0
random_zeros,0.5,0.99,0.99,0.0
random_zeros,0.5,0.99,0.999,0.0
random_zeros,0.5,0.999,0.0,0.0
random_zeros,0.5,0.999,0.25,0.0
random_zeros,0.5,0.999,0.5,0.0
random_zeros,0.5,0.999,0.75,0.0
random_zeros,0.5,0.999,0.99,0.0
random_zeros,0.5,0.999,0.999,0.0
random_zeros,0.75,0.0,0.0,0.0
random_zeros,0.75,0.0,0.25,0.0
random_zeros,0.75,0.0,0.5,0.0
random_zeros,0.75,0.0,0.75,0.0
random_zeros,0.75,0.0,0.99,0.0
random_zeros,0.75,0.0,0.999,0.0
random_zeros,0.75,0.25,0.0,0.0
random_zeros,0.75,0.25,0.25,0.0
random_zeros,0.75,0.25,0.5,0.0
random_zeros,0.75,0.25,0.75,0.0
random_zeros,0.75,0.25,0.99,0.0
random_zeros,0.75,0.25,0.999,0.0
random_zeros,0.75,0.5,0.0,0.0
random_zeros,0.75,0.5,0.25,0.0
random_zeros,0.75,0.5,0.5,0.0
random_zeros,0.75,0.5,0.75,0.0
random_zeros,0.75,0.5,0.99,0.0
random_zeros,0.75,0.5,0.999,0.0
random_zeros,0.75,0.75,0.0,0.0
random_zeros,0.75,0.75,0.25,0.0
random_zeros,0.75,0.75,0.5,0.0
random_zeros,0.75,0.75,0.75,0.0
random_zeros,0.75,0.75,0.99,0.0
random_zeros,0.75,0.75,0.999,0.0
random_zeros,0.75,0.99,0.0,0.0
random_zeros,0.75,0.99,0.25,0.0
random_zeros,0.75,0.99,0.5,0.0
random_zeros,0.75,0.99,0.75,0.0
random_zeros,0.75,0.99,0.99,0.0
random_zeros,0.75,0.99,0.999,0.0
random_zeros,0.75,0.999,0.0,0.0
random_zeros,0.75,0.999,0.25,0.0
random_zeros,0.75,0.999,0.5,0.0
random_zeros,0.75,0.999,0.75,0.0
random_zeros,0.75,0.999,0.99,0.0
random_zeros,0.75,0.999,0.999,0.0
random_zeros,0.9,0.0,0.0,0.0
random_zeros,0.9,0.0,0.25,0.0
random_zeros,0.9,0.0,0.5,0.0
random_zeros,0.9,0.0,0.75,0.0
random_zeros,0.9,0.0,0.99,0.0
random_zeros,0.9,0.0,0.999,0.0
random_zeros,0.9,0.25,0.0,0.0
random_zeros,0.9,0.25,0.25,0.0
random_zeros,0.9,0.25,0.5,0.0
random_zeros,0.9,0.25,0.75,0.0
random_zeros,0.9,0.25,0.99,0.0
random_zeros,0.9,0.25,0.999,0.0
random_zeros,0.9,0.5,0.0,0.0
random_zeros,0.9,0.5,0.25,0.0
random_zeros,0.9,0.5,0.5,0.0
random_zeros,0.9,0.5,0.75,0.0
random_zeros,0.9,0.5,0.99,0.0
random_zeros,0.9,0.5,0.999,0.0
random_zeros,0.9,0.75,0.0,0.0
random_zeros,0.9,0.75,0.25,0.0
random_zeros,0.9,0.75,0.5,0.0
random_zeros,0.9,0.75,0.75,0.0
random_zeros,0.9,0.75,0.99,0.0
random_zeros,0.9,0.75,0.999,0.0
random_zeros,0.9,0.99,0.0,0.0
random_zeros,0.9,0.99,0.25,0.0
random_zeros,0.9,0.99,0.5,0.0
random_zeros,0.9,0.99,0.75,0.0
random_zeros,0.9,0.99,0.99,0.0
random_zeros,0.9,0.99,0.999,0.0
random_zeros,0.9,0.999,0.0,0.0
random_zeros,0.9,0.999,0.25,0.0
random_zeros,0.9,0.999,0.5,0.0
random_zeros,0.9,0.999,0.75,0.0
random_zeros,0.9,0.999,0.99,0.0
random_zeros,0.9,0.999,0.999,0.0
